Name,Tm,PA,AB,H,2B,3B,HR,SB,CS,BB,SO,BA,OBP,SLG,OPS,OPS+,TB,HBP,SH,SF,IBB
Aaron Hicks,TOT,312,269,68,9,1,8,6,0,42,69,0.253,0.353,0.383,0.735,106,103,0,0,1,1
Aaron Judge,NYY,458,367,98,16,0,37,3,1,88,130,0.267,0.406,0.613,1.019,175,225,0,0,3,9
Adam Duvall,BOS,353,320,79,24,2,21,4,0,22,110,0.247,0.303,0.531,0.834,119,170,6,0,5,1
Adam Frazier,BAL,455,412,99,21,2,13,11,4,32,68,0.24,0.3,0.396,0.696,94,163,4,4,2,0
Adley Rutschman,BAL,687,588,163,31,1,20,1,2,92,101,0.277,0.374,0.435,0.809,128,256,2,0,5,6
Adolis García,TEX,632,555,136,29,0,39,9,1,65,175,0.245,0.328,0.508,0.836,123,282,6,0,6,0
AJ Pollock,TOT,144,133,22,4,0,5,0,1,9,32,0.165,0.215,0.308,0.524,46,41,0,0,2,0
Akil Baddoo,DET,357,312,68,13,1,11,14,3,42,89,0.218,0.31,0.372,0.682,86,116,0,2,1,2
Alan Trejo,COL,227,207,48,11,0,4,5,1,16,51,0.232,0.288,0.343,0.631,63,71,1,1,2,0
Alec Bohm,PHI,611,558,153,31,0,20,4,1,42,94,0.274,0.327,0.437,0.765,108,244,5,0,6,1
Alec Burleson,STL,347,315,77,20,1,8,3,1,23,45,0.244,0.3,0.39,0.691,87,123,3,1,2,0
Aledmys Díaz,OAK,344,315,72,20,1,4,1,0,17,66,0.229,0.28,0.337,0.616,76,106,7,1,4,2
Alejandro Kirk,TOR,422,372,93,16,0,8,0,0,42,45,0.25,0.334,0.358,0.692,93,133,6,0,2,1
Alek Thomas,ARI,402,374,86,17,5,9,9,1,19,86,0.23,0.273,0.374,0.647,75,140,4,2,3,1
Alex Bregman,HOU,724,622,163,28,4,25,3,1,92,87,0.262,0.363,0.441,0.804,122,274,8,0,2,1
Alex Call,WSN,439,375,75,14,1,8,9,8,53,78,0.2,0.307,0.307,0.614,72,115,6,3,2,0
Alex Kirilloff,MIN,319,281,76,14,1,11,1,0,28,80,0.27,0.348,0.445,0.793,117,125,7,0,3,1
Alex Verdugo,BOS,602,546,144,37,5,13,5,3,45,93,0.264,0.324,0.421,0.745,100,230,6,0,5,1
Alfonso Rivas,TOT,123,109,25,10,1,3,1,0,9,36,0.229,0.303,0.422,0.725,97,46,3,1,1,0
Alika Williams,PIT,112,101,20,5,0,0,0,0,9,35,0.198,0.27,0.248,0.518,44,25,1,1,0,0
Amed Rosario,TOT,545,510,134,25,8,6,15,2,29,99,0.263,0.305,0.378,0.683,89,193,3,0,3,0
Andrés Gimenez,CLE,616,557,140,27,5,15,30,6,32,112,0.251,0.314,0.399,0.712,98,222,20,4,3,3
Andrew Benintendi,CHW,621,562,147,34,2,5,13,2,52,89,0.262,0.326,0.356,0.682,87,200,3,1,3,5
Andrew Knizner,STL,241,224,54,11,0,10,2,0,12,62,0.241,0.288,0.424,0.712,92,95,3,1,1,0
Andrew McCutchen,PIT,473,390,100,19,0,12,11,3,75,100,0.256,0.378,0.397,0.776,113,155,4,0,4,1
Andrew Vaughn,CHW,615,566,146,30,2,21,0,0,36,129,0.258,0.314,0.429,0.743,101,243,11,0,2,0
Andrew Velazquez,LAA,94,81,14,3,0,2,13,3,10,30,0.173,0.264,0.284,0.548,50,23,0,3,0,0
Andruw Monasterio,MIL,315,282,73,14,1,3,7,2,28,66,0.259,0.33,0.348,0.678,87,98,3,0,2,0
Andy Ibáñez,DET,383,356,94,23,2,11,1,0,24,69,0.264,0.312,0.433,0.744,102,154,1,1,1,0
Anthony Rendon,LAA,183,148,35,6,0,2,2,0,25,27,0.236,0.361,0.318,0.678,88,47,6,0,4,0
Anthony Rizzo,NYY,421,373,91,14,0,12,0,3,35,97,0.244,0.328,0.378,0.706,94,141,12,0,1,1
Anthony Santander,BAL,656,591,152,41,1,28,5,1,55,152,0.257,0.325,0.472,0.797,121,279,6,0,4,1
Anthony Volpe,NYY,601,541,113,23,4,21,24,5,52,167,0.209,0.283,0.383,0.666,81,207,5,1,2,0
Austin Barnes,LAD,200,178,32,5,0,2,2,1,17,43,0.18,0.256,0.242,0.498,36,43,2,1,2,0
Austin Hays,BAL,566,520,143,36,2,16,5,1,38,141,0.275,0.325,0.444,0.769,114,231,3,0,5,1
Austin Hedges,TOT,212,185,34,5,0,1,1,0,11,47,0.184,0.234,0.227,0.461,27,42,2,10,3,0
Austin Nola,SDP,154,130,19,3,0,1,0,0,18,31,0.146,0.26,0.192,0.452,30,25,2,4,0,0
Austin Riley,ATL,715,636,179,32,3,37,3,1,59,172,0.281,0.345,0.516,0.861,128,328,9,0,11,4
Austin Slater,SFG,207,185,50,9,0,5,2,2,20,58,0.27,0.348,0.4,0.748,107,74,2,0,0,0
Austin Wells,NYY,75,70,16,6,0,4,0,0,3,14,0.229,0.257,0.486,0.742,97,34,0,0,1,0
Austin Wynns,TOT,145,130,27,6,0,1,1,0,9,39,0.208,0.268,0.277,0.545,42,36,2,3,1,0
Avisaíl García,MIA,118,108,20,3,1,3,2,0,6,39,0.185,0.241,0.315,0.556,50,34,2,0,0,1
Ben Rortvedt,NYY,79,68,8,1,0,2,0,0,11,19,0.118,0.241,0.221,0.461,28,15,0,0,0,0
Billy McKinney,NYY,147,128,29,3,1,6,1,0,17,39,0.227,0.32,0.406,0.726,98,52,1,0,1,1
Blake Perkins,MIL,168,143,31,7,0,4,5,2,23,46,0.217,0.325,0.35,0.675,86,50,0,2,0,0
Blake Sabol,SFG,344,310,73,10,0,13,4,2,24,117,0.235,0.301,0.394,0.695,91,122,6,2,2,0
Bo Bichette,TOR,601,571,175,30,3,20,5,3,27,115,0.306,0.339,0.475,0.814,123,271,2,0,1,0
Bo Naylor,CLE,230,198,47,13,0,11,5,0,30,53,0.237,0.339,0.47,0.809,124,93,1,0,1,1
Bobby Dalbec,BOS,53,49,10,2,0,1,1,0,4,28,0.204,0.264,0.306,0.57,54,15,0,0,0,0
Bobby Witt Jr.,KCR,694,641,177,28,11,30,49,15,40,121,0.276,0.319,0.495,0.813,120,317,4,1,8,1
Brad Miller,TEX,67,56,12,4,0,1,0,0,10,11,0.214,0.328,0.339,0.668,83,19,0,0,1,0
Brandon Belt,TOR,404,339,86,23,0,19,0,0,61,141,0.254,0.369,0.49,0.858,136,166,2,0,2,1
Brandon Crawford,SFG,320,283,55,11,1,7,3,0,28,81,0.194,0.273,0.314,0.587,63,89,4,1,4,1
Brandon Dixon,SDP,86,79,16,4,0,2,1,0,1,31,0.203,0.244,0.329,0.573,59,26,4,0,2,0
Brandon Drury,LAA,523,485,127,30,3,26,0,2,25,136,0.262,0.306,0.497,0.803,114,241,8,0,5,0
Brandon Lowe,TBR,436,377,87,15,1,21,7,0,50,119,0.231,0.328,0.443,0.771,113,167,6,0,3,0
Brandon Marsh,PHI,472,404,112,25,6,12,10,2,59,144,0.277,0.372,0.458,0.829,127,185,4,1,4,2
Brandon Nimmo,NYM,682,592,162,30,6,24,3,3,74,146,0.274,0.363,0.466,0.829,127,276,11,1,4,0
Brayan Rocchio,CLE,86,81,20,6,0,0,0,0,4,27,0.247,0.279,0.321,0.6,68,26,0,0,1,0
Brendan Donovan,STL,371,327,93,10,1,11,5,1,33,53,0.284,0.365,0.422,0.787,115,138,9,1,1,2
Brendan Rodgers,COL,192,178,46,9,1,4,0,0,11,41,0.258,0.313,0.388,0.7,80,69,3,0,0,0
Brent Rooker,OAK,526,463,114,20,1,30,4,0,49,172,0.246,0.329,0.488,0.817,130,226,10,0,4,1
Brenton Doyle,COL,431,399,81,16,5,10,22,5,22,151,0.203,0.25,0.343,0.593,52,137,4,3,3,0
Brett Baty,NYM,389,353,75,12,0,9,2,0,29,109,0.212,0.275,0.323,0.598,65,114,2,1,1,0
Brett Phillips,LAA,71,63,11,1,0,3,3,1,8,36,0.175,0.268,0.333,0.601,63,21,0,0,0,0
Brett Sullivan,SDP,86,81,17,3,0,1,0,0,4,19,0.21,0.244,0.284,0.528,48,23,0,0,1,0
Brett Wisely,SFG,131,120,21,5,0,2,2,1,9,40,0.175,0.231,0.267,0.497,38,32,0,1,1,0
Brian Anderson,MIL,361,318,72,12,3,9,1,3,36,108,0.226,0.31,0.368,0.678,86,117,4,0,3,0
Brice Turang,MIL,448,404,88,9,3,6,26,4,38,94,0.218,0.285,0.3,0.585,62,121,1,3,2,1
Bryan De La Cruz,MIA,626,579,149,32,0,19,4,1,40,142,0.257,0.304,0.411,0.715,92,238,1,0,5,0
Bryan Reynolds,PIT,640,574,151,31,5,24,12,1,53,138,0.263,0.33,0.46,0.79,113,264,7,0,6,2
Bryce Harper,PHI,546,457,134,29,1,21,11,3,80,119,0.293,0.401,0.499,0.9,146,228,5,0,4,8
Bryson Stott,PHI,640,585,164,32,2,15,31,3,39,100,0.28,0.329,0.419,0.747,104,245,7,1,8,1
Bubba Thompson,TEX,60,53,9,4,1,0,4,2,4,16,0.17,0.237,0.283,0.52,41,15,1,1,1,0
Byron Buxton,MIN,347,304,63,17,1,17,9,0,35,109,0.207,0.294,0.438,0.731,98,133,4,0,4,2
C.J. Cron,TOT,278,258,64,12,0,12,0,0,17,65,0.248,0.295,0.434,0.729,87,112,1,0,2,0
Cade Marlowe,SEA,100,88,21,3,2,3,4,2,12,33,0.239,0.33,0.42,0.75,111,37,0,0,0,0
Cal Raleigh,SEA,569,513,119,23,1,30,0,0,54,158,0.232,0.306,0.456,0.762,112,234,1,0,1,1
Cam Gallagher,CLE,149,143,18,6,0,0,0,0,4,46,0.126,0.154,0.168,0.322,-9,24,1,0,1,0
Carlos Correa,MIN,580,514,118,29,2,18,0,0,59,131,0.23,0.312,0.399,0.711,94,205,4,0,3,3
Carlos Santana,TOT,619,550,132,33,1,23,6,0,65,104,0.24,0.318,0.429,0.747,103,236,0,0,4,0
Carson Kelly,TOT,151,136,28,5,0,2,1,0,14,40,0.206,0.278,0.287,0.565,56,39,0,0,1,0
Carter Kieboom,WSN,94,87,18,2,0,4,0,0,6,27,0.207,0.266,0.368,0.634,74,32,1,0,0,0
Casey Schmitt,SFG,277,253,52,15,0,5,2,1,13,65,0.206,0.255,0.324,0.58,60,82,5,3,3,0
Cavan Biggio,TOR,338,289,68,12,0,9,5,2,40,88,0.235,0.34,0.37,0.71,98,107,7,0,2,0
Ceddanne Rafaela,BOS,89,83,20,6,0,2,3,1,4,28,0.241,0.281,0.386,0.666,78,32,1,0,1,0
Cedric Mullins,BAL,455,404,94,23,3,15,19,3,43,101,0.233,0.305,0.416,0.721,101,168,1,3,4,1
Chad Wallach,LAA,172,157,31,5,1,7,0,1,13,57,0.197,0.259,0.376,0.635,70,59,0,2,0,0
Charlie Blackmon,COL,413,359,100,24,5,8,4,1,39,55,0.279,0.363,0.44,0.803,107,158,11,0,4,0
Chas McCormick,HOU,457,403,110,17,2,22,19,6,40,117,0.273,0.353,0.489,0.842,130,197,11,1,2,0
Chris Taylor,LAD,384,338,80,15,1,15,16,3,41,125,0.237,0.326,0.42,0.746,100,142,4,0,1,2
Christian Arroyo,BOS,206,195,47,16,0,3,1,3,7,45,0.241,0.268,0.369,0.638,70,72,1,1,2,0
Christian Bethancourt,TBR,332,315,71,16,0,11,1,0,13,91,0.225,0.254,0.381,0.635,74,120,0,1,3,0
Christian Encarnacion-Strand,CIN,241,222,60,7,0,13,2,0,14,69,0.27,0.328,0.477,0.805,113,106,5,0,0,0
Christian Vazquez,MIN,355,327,73,13,0,6,1,0,25,82,0.223,0.28,0.318,0.598,65,104,1,1,1,1
Christian Walker,ARI,661,582,150,36,2,33,11,0,62,127,0.258,0.333,0.497,0.83,123,289,8,0,8,3
Christian Yelich,MIL,632,550,153,34,1,19,28,3,78,140,0.278,0.37,0.447,0.818,124,246,3,0,1,7
Christopher Morel,CHC,429,388,96,17,3,26,6,2,36,133,0.247,0.313,0.508,0.821,116,197,2,1,2,0
CJ Abrams,WSN,614,563,138,28,6,18,47,4,32,118,0.245,0.3,0.412,0.712,95,232,13,3,3,2
Clint Frazier,CHW,76,66,13,1,1,0,4,2,10,23,0.197,0.303,0.242,0.545,52,16,0,0,0,0
Cody Bellinger,CHC,556,499,153,29,1,26,20,6,40,87,0.307,0.356,0.525,0.881,133,262,5,0,12,3
Colton Cowser,BAL,77,61,7,2,0,0,1,0,13,22,0.115,0.286,0.148,0.433,28,9,2,0,1,0
Conner Capel,OAK,86,73,19,5,0,0,5,3,12,25,0.26,0.372,0.329,0.701,104,24,1,0,0,0
Connor Joe,PIT,472,413,102,31,4,11,3,5,50,110,0.247,0.339,0.421,0.76,107,174,8,0,1,0
Connor Wong,BOS,403,371,87,25,2,9,8,2,22,134,0.235,0.288,0.385,0.673,80,143,6,3,1,0
Corbin Carroll,ARI,645,565,161,30,10,25,54,5,57,125,0.285,0.362,0.506,0.868,134,286,13,6,4,1
Corey Dickerson,WSN,152,144,36,7,1,2,0,1,7,28,0.25,0.283,0.354,0.637,76,51,0,0,1,0
Corey Julks,HOU,323,298,73,14,0,6,15,3,22,75,0.245,0.297,0.352,0.65,79,105,1,0,2,0
Corey Seager,TEX,536,477,156,42,0,33,2,1,49,88,0.327,0.39,0.623,1.013,170,297,4,0,6,9
Cristian Pache,PHI,95,84,20,7,1,2,2,3,10,27,0.238,0.319,0.417,0.736,100,35,0,1,0,0
Curt Casali,CIN,96,80,14,2,0,0,0,0,11,23,0.175,0.29,0.2,0.49,36,16,2,3,0,0
Curtis Mead,TBR,92,83,21,3,1,1,0,0,7,21,0.253,0.326,0.349,0.675,89,29,2,0,0,0
Dairon Blanco,KCR,138,124,32,7,4,3,24,5,10,33,0.258,0.324,0.452,0.775,111,56,2,2,0,0
Dane Myers,MIA,70,67,18,3,0,1,1,1,2,19,0.269,0.286,0.358,0.644,74,24,0,0,1,0
Daniel Vogelbach,NYM,319,275,64,8,0,13,0,0,42,81,0.233,0.339,0.404,0.742,104,111,2,0,0,1
Danny Jansen,TOR,301,268,61,15,0,17,0,0,23,62,0.228,0.312,0.474,0.786,115,127,10,0,0,1
Danny Mendick,NYM,69,65,12,3,0,1,1,0,4,15,0.185,0.232,0.277,0.509,40,18,0,0,0,0
Dansby Swanson,CHC,638,565,138,25,3,22,9,1,66,154,0.244,0.328,0.416,0.744,99,235,5,0,2,0
Darick Hall,PHI,56,54,9,1,0,1,0,0,2,18,0.167,0.196,0.241,0.437,20,13,0,0,0,0
Darin Ruf,TOT,57,49,11,3,0,0,0,0,8,16,0.224,0.333,0.286,0.619,74,14,0,0,0,0
Daulton Varsho,TOR,581,527,116,23,3,20,16,7,45,135,0.22,0.285,0.389,0.674,85,205,4,1,3,0
David Fletcher,LAA,97,89,22,1,0,2,0,0,7,9,0.247,0.302,0.326,0.628,72,29,0,1,0,1
David Fry,CLE,113,101,24,6,0,4,2,0,8,30,0.238,0.319,0.416,0.734,104,42,4,0,0,0
David Hensley,HOU,94,84,10,1,0,1,1,0,10,35,0.119,0.213,0.167,0.379,8,14,0,0,0,0
David Peralta,LAD,422,394,102,25,1,7,4,1,20,72,0.259,0.294,0.381,0.675,81,150,2,0,6,1
David Villar,SFG,140,124,18,6,0,5,1,1,11,45,0.145,0.236,0.315,0.55,51,39,4,0,1,0
Davis Schneider,TOR,141,116,32,12,1,8,1,0,21,43,0.276,0.404,0.603,1.008,175,70,4,0,0,0
Derek Hill,WSN,50,47,8,1,0,0,1,0,3,11,0.17,0.22,0.191,0.411,16,9,0,0,0,0
DJ LeMahieu,NYY,562,497,121,22,3,15,2,2,60,125,0.243,0.327,0.39,0.718,96,194,3,0,2,2
DJ Stewart,NYM,185,160,39,9,0,11,1,1,15,56,0.244,0.333,0.506,0.84,128,81,7,1,1,0
Dominic Canzone,TOT,182,173,38,13,0,6,1,0,8,32,0.22,0.258,0.399,0.657,81,69,1,0,0,0
Dominic Fletcher,ARI,102,93,28,5,1,2,0,2,7,22,0.301,0.35,0.441,0.791,115,41,0,2,0,1
Dominic Smith,WSN,586,527,134,21,1,12,1,1,47,91,0.254,0.326,0.366,0.692,92,193,10,0,2,1
Donovan Solano,MIN,450,394,111,26,1,5,0,0,40,100,0.282,0.369,0.391,0.76,110,154,15,0,1,1
Drew Waters,KCR,337,302,69,11,5,8,16,5,27,107,0.228,0.3,0.377,0.677,85,114,5,0,3,0
Dylan Carlson,STL,255,219,48,8,1,5,3,0,26,49,0.219,0.318,0.333,0.651,79,73,7,0,3,0
Dylan Moore,SEA,165,145,30,9,1,7,7,3,16,56,0.207,0.303,0.428,0.731,104,62,4,0,0,0
Eddie Rosario,ATL,516,478,122,24,3,21,3,4,34,122,0.255,0.305,0.45,0.755,100,215,1,1,2,1
Edmundo Sosa,PHI,300,279,70,15,2,10,4,2,8,74,0.251,0.293,0.427,0.719,95,119,9,2,1,0
Edouard Julien,MIN,408,338,89,16,1,16,3,0,64,128,0.263,0.381,0.459,0.839,130,155,2,1,3,0
Eduardo Escobar,TOT,309,288,65,6,5,6,2,1,18,78,0.226,0.269,0.344,0.613,67,99,0,1,2,0
Edward Olivares,KCR,385,354,93,23,4,12,11,5,22,64,0.263,0.317,0.452,0.769,109,160,7,0,2,1
Elehuris Montero,COL,307,284,69,15,2,11,0,0,15,111,0.243,0.29,0.426,0.716,82,121,5,0,3,0
Elías Díaz,COL,526,486,130,25,1,14,1,0,34,118,0.267,0.316,0.409,0.725,86,199,2,0,4,0
Elly De La Cruz#,CIN,427,388,91,15,7,13,35,8,35,144,0.235,0.3,0.41,0.71,89,159,2,1,1,3
Eloy Jiménez,CHW,489,456,124,23,0,18,0,0,30,93,0.272,0.317,0.441,0.758,104,201,1,0,2,2
Elvis Andrus,CHW,406,374,94,20,1,6,12,4,25,71,0.251,0.304,0.358,0.662,81,134,4,1,2,1
Emmanuel Rivera,ARI,283,257,67,13,0,4,1,0,22,56,0.261,0.314,0.358,0.672,84,92,0,0,4,0
Endy Rodríguez,PIT,204,186,41,7,2,3,0,0,17,49,0.22,0.284,0.328,0.612,67,61,0,0,1,0
Enmanuel Valdez,BOS,149,139,37,8,0,6,5,1,8,37,0.266,0.311,0.453,0.764,103,63,1,0,0,0
Enrique Hernández,TOT,508,465,110,23,0,11,4,1,34,97,0.237,0.289,0.357,0.646,74,166,3,0,6,1
Eric Haase,TOT,293,274,55,8,1,4,4,1,17,81,0.201,0.247,0.281,0.528,45,77,0,1,1,1
Eric Hosmer,CHC,100,94,22,3,0,2,0,0,6,25,0.234,0.28,0.33,0.61,64,31,0,0,0,0
Ernie Clement,TOR,52,50,19,1,1,1,1,0,1,4,0.38,0.385,0.5,0.885,144,25,0,0,1,0
Esteury Ruiz,OAK,497,449,114,24,1,5,67,13,20,99,0.254,0.309,0.345,0.654,88,155,16,4,1,1
Estevan Florial,NYY,71,61,14,3,1,0,3,0,7,20,0.23,0.324,0.311,0.635,76,19,2,0,1,0
Eugenio Suárez,SEA,694,598,139,29,0,22,2,1,70,214,0.232,0.323,0.391,0.714,101,234,15,0,11,0
Evan Carter,TEX,75,62,19,4,1,5,3,0,12,24,0.306,0.413,0.645,1.058,182,40,0,0,1,1
Evan Longoria,ARI,237,211,47,9,0,11,0,0,23,73,0.223,0.295,0.422,0.717,93,89,0,0,3,0
Everson Pereira,NYY,103,93,14,4,0,0,4,0,8,40,0.151,0.233,0.194,0.427,20,18,2,0,0,0
Ezequiel Duran,TEX,439,406,112,22,2,14,8,4,23,120,0.276,0.324,0.443,0.768,106,180,7,1,2,1
Ezequiel Tovar,COL,615,581,147,37,4,15,11,5,25,166,0.253,0.287,0.408,0.695,77,237,4,2,3,0
Fernando Tatis Jr.,SDP,635,575,148,33,1,25,29,4,53,141,0.257,0.322,0.449,0.77,113,258,3,1,3,0
Franchy Cordero,NYY,71,69,13,2,0,6,0,0,2,25,0.188,0.211,0.478,0.69,81,33,0,0,0,0
Francisco Álvarez,NYM,423,382,80,12,0,25,2,0,34,110,0.209,0.284,0.437,0.721,95,167,6,0,1,0
Francisco Lindor,NYM,687,602,153,33,2,31,31,4,66,137,0.254,0.336,0.47,0.806,120,283,12,0,7,1
Francisco Mejía,TBR,160,150,34,11,0,5,0,1,6,38,0.227,0.258,0.4,0.658,80,60,1,1,2,0
Franmil Reyes,KCR,65,59,11,0,0,2,0,0,4,24,0.186,0.231,0.288,0.519,42,17,0,0,2,0
Freddie Freeman,LAD,730,637,211,59,2,29,23,1,72,121,0.331,0.41,0.567,0.976,161,361,16,0,5,12
Freddy Fermin,KCR,235,217,61,10,1,9,0,0,13,50,0.281,0.321,0.461,0.781,112,100,1,1,3,0
Gabriel Arias,CLE,345,315,66,15,0,10,3,4,28,113,0.21,0.275,0.352,0.628,75,111,1,0,1,0
Gabriel Moreno,ARI,380,341,97,19,1,7,6,2,29,75,0.284,0.339,0.408,0.747,104,139,3,0,7,0
Garrett Cooper,TOT,457,422,106,18,1,17,0,0,31,132,0.251,0.304,0.419,0.724,96,177,2,0,2,0
Garrett Hampson,MIA,252,221,61,12,1,3,5,0,23,67,0.276,0.349,0.38,0.729,98,84,3,3,2,0
Garrett Mitchell,MIL,73,65,16,2,1,3,1,1,7,26,0.246,0.315,0.446,0.761,106,29,0,0,1,0
Garrett Stubbs,PHI,125,113,23,4,1,1,2,0,9,29,0.204,0.274,0.283,0.557,54,32,2,1,0,0
Gary Sánchez,TOT,267,240,52,9,0,19,0,0,21,67,0.217,0.288,0.492,0.78,113,118,4,0,2,0
Gavin Sheets,CHW,344,311,63,10,0,10,1,0,28,66,0.203,0.267,0.331,0.599,63,103,1,0,4,2
George Springer,TOR,683,613,158,25,1,21,20,5,60,125,0.258,0.327,0.405,0.732,102,248,5,0,3,1
Geraldo Perdomo,ARI,495,407,100,20,4,6,16,4,64,86,0.246,0.353,0.359,0.712,96,146,6,14,4,1
Giancarlo Stanton,NYY,415,371,71,13,0,24,0,0,41,124,0.191,0.275,0.42,0.695,87,156,2,0,1,3
Gio Urshela,LAA,228,214,64,8,1,2,3,2,10,36,0.299,0.329,0.374,0.703,91,80,1,0,3,0
Gleyber Torres,NYY,672,596,163,28,2,25,13,6,67,98,0.273,0.347,0.453,0.8,118,270,3,0,6,0
Gunnar Henderson,BAL,622,560,143,29,9,28,10,3,56,159,0.255,0.325,0.489,0.814,125,274,3,0,3,1
Ha-Seong Kim,SDP,626,538,140,23,0,17,38,9,75,124,0.26,0.351,0.398,0.749,110,214,3,5,5,1
Hanser Alberto,CHW,90,82,18,5,0,3,0,0,4,13,0.22,0.261,0.39,0.652,75,32,1,2,1,0
Harold Castro,COL,270,258,65,13,0,1,1,0,9,66,0.252,0.275,0.314,0.589,52,81,0,1,2,0
Harold Ramírez,TBR,434,400,125,19,2,12,5,3,22,79,0.313,0.353,0.46,0.813,125,184,6,0,6,0
Harrison Bader,TOT,344,319,74,12,2,7,20,3,17,59,0.232,0.274,0.348,0.622,69,111,3,1,4,0
Heliot Ramos,SFG,60,56,10,4,0,1,0,0,4,20,0.179,0.233,0.304,0.537,48,17,0,0,0,0
Henry Davis,PIT,255,225,48,10,0,7,3,5,25,69,0.213,0.302,0.351,0.653,78,79,4,0,1,2
Henry Ramos,CIN,86,74,18,3,1,0,2,1,11,21,0.243,0.349,0.311,0.66,80,23,1,0,0,0
Hunter Dozier,KCR,91,82,15,2,1,2,2,0,8,29,0.183,0.253,0.305,0.558,53,25,0,0,1,0
Hunter Goodman,COL,77,70,14,4,3,1,1,0,5,24,0.2,0.247,0.386,0.632,60,27,0,0,2,0
Hunter Renfroe,TOT,548,498,116,31,0,20,0,0,44,125,0.233,0.297,0.416,0.713,91,207,3,0,3,0
Ian Happ,CHC,691,580,144,35,4,21,14,3,99,153,0.248,0.36,0.431,0.791,112,250,6,0,6,2
Ildemaro Vargas,WSN,286,262,66,13,2,4,1,1,19,20,0.252,0.304,0.363,0.666,84,95,1,3,1,0
Isaac Paredes,TBR,571,492,123,24,0,31,1,0,58,104,0.25,0.352,0.488,0.84,131,240,20,0,1,0
Isiah Kiner-Falefa,NYY,361,326,79,12,1,6,14,5,28,70,0.242,0.306,0.34,0.646,78,111,3,1,3,0
J.D. Davis,SFG,546,480,119,23,1,18,1,0,52,152,0.248,0.325,0.413,0.738,103,198,6,0,6,0
J.D. Martinez,LAD,479,432,117,27,2,33,1,0,34,149,0.271,0.321,0.572,0.893,134,247,2,0,9,1
J.P. Crawford,SEA,638,534,142,35,0,19,2,0,94,125,0.266,0.38,0.438,0.818,131,234,5,3,2,1
J.T. Realmuto,PHI,540,489,123,28,5,20,16,5,35,138,0.252,0.31,0.452,0.762,106,221,9,0,5,3
Jace Peterson,TOT,430,374,79,10,4,6,15,2,47,101,0.211,0.304,0.307,0.611,75,115,4,2,3,2
Jack Suwinski,PIT,534,447,100,21,2,26,13,2,75,172,0.224,0.339,0.454,0.793,115,203,6,0,6,2
Jackie Bradley Jr.,KCR,113,105,14,5,0,1,0,0,5,29,0.133,0.188,0.21,0.397,10,22,2,1,0,0
Jacob Stallings,MIA,276,241,46,14,0,3,0,0,27,67,0.191,0.278,0.286,0.565,54,69,3,3,2,0
Jacob Young,WSN,121,107,27,7,1,0,13,0,10,22,0.252,0.322,0.336,0.658,84,36,1,3,0,0
Jake Alu,WSN,175,159,36,2,1,2,5,1,10,42,0.226,0.282,0.289,0.571,59,46,3,1,2,0
Jake Bauers,NYY,272,242,49,15,0,12,3,2,27,95,0.202,0.279,0.413,0.693,87,100,0,0,3,0
Jake Burger,TOT,540,492,123,28,1,34,1,1,32,149,0.25,0.309,0.518,0.828,120,255,12,0,4,0
Jake Cave,PHI,203,184,39,8,1,5,3,0,15,55,0.212,0.272,0.348,0.62,69,64,1,1,2,0
Jake Cronenworth,SDP,522,458,105,24,7,10,6,1,46,97,0.229,0.312,0.378,0.689,92,173,11,1,5,2
Jake Fraley,CIN,380,336,86,18,0,15,21,5,37,71,0.256,0.339,0.443,0.783,109,149,6,0,1,2
Jake Lamb,LAA,54,51,11,1,0,2,0,0,3,15,0.216,0.259,0.353,0.612,65,18,0,0,0,0
Jake Marisnick,TOT,83,76,18,3,2,2,2,3,3,21,0.237,0.28,0.408,0.688,86,31,2,1,1,0
Jake McCarthy,ARI,312,276,67,7,5,2,26,4,26,62,0.243,0.318,0.326,0.644,77,90,5,4,1,0
Jake Meyers,HOU,341,309,70,16,1,10,5,2,26,88,0.227,0.296,0.382,0.678,86,118,5,0,1,0
Jake Rogers,DET,365,331,73,11,0,21,1,1,28,118,0.221,0.286,0.444,0.73,96,147,3,1,2,0
James McCann,BAL,226,207,46,14,0,6,3,1,9,57,0.222,0.269,0.377,0.646,79,78,5,3,2,0
James Outman,LAD,567,483,120,16,3,23,16,3,68,181,0.248,0.353,0.437,0.79,112,211,12,0,4,1
Jared Triolo,PIT,209,181,54,9,0,3,6,1,24,63,0.298,0.388,0.398,0.785,116,72,3,0,1,0
Jared Walsh,LAA,116,104,13,4,0,4,0,0,11,45,0.125,0.216,0.279,0.494,33,29,1,0,0,0
Jarred Kelenic,SEA,416,372,94,25,2,11,13,5,41,132,0.253,0.327,0.419,0.746,109,156,1,0,2,4
Jarren Duran,BOS,362,332,98,34,2,8,24,2,24,90,0.295,0.346,0.482,0.828,121,160,3,0,2,1
Jason Delay,PIT,187,167,42,11,1,1,0,0,14,44,0.251,0.319,0.347,0.666,83,58,3,2,1,0
Jason Heyward,LAD,377,334,90,23,0,15,2,2,34,64,0.269,0.34,0.473,0.813,117,158,3,0,3,1
Jason Vosler,CIN,65,62,10,2,1,3,0,0,3,25,0.161,0.2,0.371,0.571,49,23,0,0,0,0
Javier Baez,DET,547,510,113,18,4,9,12,0,24,125,0.222,0.267,0.325,0.593,62,166,9,0,3,0
Jazz Chisholm Jr.,MIA,383,352,88,12,2,19,22,3,26,118,0.25,0.304,0.457,0.761,103,161,2,1,2,0
Jean Segura,MIA,326,301,66,5,2,3,6,2,22,47,0.219,0.277,0.279,0.556,52,84,2,1,0,1
Jeff McNeil,NYM,648,585,158,25,4,10,10,0,39,65,0.27,0.333,0.378,0.711,96,221,18,3,3,0
Jeimer Candelario,TOT,576,505,127,39,3,22,8,1,53,127,0.251,0.336,0.471,0.807,119,238,13,0,4,1
Jeremy Pena,HOU,634,577,152,32,3,10,13,9,43,129,0.263,0.324,0.381,0.705,95,220,9,1,1,1
Jesse Winker,MIL,197,166,33,5,0,1,0,0,26,51,0.199,0.32,0.247,0.567,60,41,4,0,1,0
Jesús Aguilar,OAK,115,104,23,2,0,5,0,0,8,31,0.221,0.281,0.385,0.665,89,40,1,0,1,2
Jesús Sánchez,MIA,402,360,91,23,3,14,3,1,38,107,0.253,0.327,0.45,0.777,108,162,2,1,1,1
Ji Hwan Bae,PIT,371,334,77,17,2,2,24,9,30,92,0.231,0.296,0.311,0.608,67,104,2,3,2,0
Ji Man Choi,TOT,117,104,17,5,0,6,0,0,10,35,0.163,0.239,0.385,0.624,68,40,1,0,2,0
JJ Bleday,OAK,303,256,50,11,0,10,5,1,42,72,0.195,0.31,0.355,0.666,91,91,2,0,3,0
Jo Adell,LAA,62,58,12,3,1,3,1,0,4,25,0.207,0.258,0.448,0.706,87,26,0,0,0,0
Joc Pederson,SFG,425,358,84,14,3,15,0,0,57,89,0.235,0.348,0.416,0.764,111,149,7,0,3,6
Joey Bart,SFG,95,87,18,5,0,0,0,0,3,23,0.207,0.263,0.264,0.528,47,23,4,0,1,0
Joey Gallo,MIN,332,282,50,9,1,21,1,1,48,142,0.177,0.301,0.44,0.741,101,124,2,0,0,1
Joey Meneses,WSN,657,611,168,36,1,13,0,0,38,130,0.275,0.321,0.401,0.722,99,245,5,0,3,0
Joey Votto,CIN,242,208,42,6,0,14,0,0,27,62,0.202,0.314,0.433,0.747,99,90,7,0,0,0
Joey Wendle,MIA,318,297,63,16,3,2,7,1,13,67,0.212,0.248,0.306,0.554,50,91,2,3,3,0
Joey Wiemer,MIL,410,367,75,19,0,13,11,4,36,116,0.204,0.283,0.362,0.645,76,133,5,0,2,0
Johan Rojas,PHI,164,149,45,9,2,2,14,1,5,42,0.302,0.342,0.43,0.771,111,64,4,6,0,0
Jon Berti,MIA,424,388,114,16,3,7,16,6,29,77,0.294,0.344,0.405,0.748,103,157,2,2,3,2
Jon Singleton,TOT,105,91,15,3,0,2,0,0,13,23,0.165,0.267,0.264,0.53,48,24,0,0,1,0
Jonah Bride,OAK,106,88,15,3,0,0,0,1,11,22,0.17,0.286,0.205,0.49,45,18,4,1,2,0
Jonah Heim,TEX,501,457,118,28,0,18,2,0,40,96,0.258,0.317,0.438,0.755,103,200,1,0,3,2
Jonathan Aranda,TBR,103,87,20,4,1,2,0,0,13,31,0.23,0.34,0.368,0.708,98,32,2,0,1,1
Jonathan Araúz,NYM,66,59,8,0,0,3,0,0,5,18,0.136,0.203,0.288,0.491,34,17,0,2,0,0
Jonathan Davis,MIA,104,90,22,4,1,2,1,2,7,29,0.244,0.307,0.378,0.685,85,34,2,2,2,0
Jonathan India,CIN,529,454,111,23,0,17,14,2,52,109,0.244,0.338,0.407,0.746,100,185,16,0,7,0
Jonathan Schoop,DET,151,136,29,8,0,0,0,0,13,37,0.213,0.278,0.272,0.55,53,37,0,0,2,0
Jordan Diaz,OAK,293,272,60,9,0,10,0,1,17,69,0.221,0.273,0.364,0.637,81,99,3,0,1,0
Jordan Luplow,TOT,90,77,16,3,0,2,2,0,12,27,0.208,0.322,0.325,0.647,80,25,1,0,0,1
Jordan Walker,STL,465,420,116,19,2,16,7,4,37,104,0.276,0.342,0.445,0.787,114,187,6,0,2,0
Jordan Westburg,BAL,228,208,54,17,2,3,4,1,16,56,0.26,0.311,0.404,0.715,100,84,1,0,3,0
Jorge Alfaro,TOT,52,48,7,4,0,1,0,0,2,15,0.146,0.212,0.292,0.503,31,14,2,0,0,0
Jorge Mateo,BAL,350,318,69,14,2,7,32,5,22,82,0.217,0.267,0.34,0.607,70,108,1,5,3,0
Jorge Polanco,MIN,343,302,77,18,0,14,4,0,36,88,0.255,0.335,0.454,0.789,115,137,2,0,3,0
Jorge Soler,MIA,580,504,126,24,0,36,1,0,66,141,0.25,0.341,0.512,0.853,128,258,6,0,4,4
José Abreu,HOU,594,540,128,23,1,18,0,1,42,130,0.237,0.296,0.383,0.68,87,207,6,0,6,1
José Altuve,HOU,410,360,112,21,2,17,14,2,44,71,0.311,0.393,0.522,0.915,151,188,5,0,1,0
José Azocar,SDP,102,91,21,6,0,2,8,2,4,24,0.231,0.278,0.363,0.641,78,33,2,5,0,0
José Barrero,CIN,149,133,29,8,0,2,3,2,15,44,0.218,0.295,0.323,0.619,67,43,0,0,1,0
José Caballero,SEA,280,231,51,9,1,4,26,3,28,66,0.221,0.343,0.32,0.663,90,74,17,0,4,0
José Fermín,STL,61,51,12,1,0,0,0,1,6,8,0.235,0.339,0.255,0.594,67,13,2,2,0,0
José Herrera,ARI,120,101,21,5,0,0,1,0,13,30,0.208,0.296,0.257,0.553,54,26,0,5,1,0
José Miranda,MIN,152,142,30,4,0,3,0,0,9,24,0.211,0.263,0.303,0.566,56,43,1,0,0,0
José Ramírez,CLE,691,611,172,36,5,24,28,6,73,73,0.282,0.356,0.475,0.831,131,290,1,0,6,22
José Siri,TBR,364,338,75,13,2,25,12,3,20,130,0.222,0.267,0.494,0.761,106,167,2,1,3,0
Jose Trevino,NYY,168,157,33,4,0,4,0,0,8,22,0.21,0.257,0.312,0.57,56,49,2,1,0,0
Josh Bell,TOT,617,547,135,28,0,22,0,1,63,134,0.247,0.325,0.419,0.744,104,229,2,0,3,2
Josh Donaldson,TOT,189,165,25,5,0,13,0,0,22,50,0.152,0.249,0.418,0.667,79,69,0,0,2,0
Josh Harrison,PHI,114,103,21,3,0,2,0,0,3,20,0.204,0.263,0.291,0.554,53,30,6,0,2,0
Josh Jung,TEX,515,478,127,25,1,23,1,3,30,151,0.266,0.315,0.467,0.781,109,223,5,0,2,0
Josh Lowe,TBR,501,466,136,33,2,20,32,3,31,124,0.292,0.335,0.5,0.835,129,233,1,0,3,2
Josh Naylor,CLE,495,452,139,31,0,17,10,3,33,68,0.308,0.354,0.489,0.842,133,221,3,0,7,9
Josh Rojas,TOT,350,314,77,17,0,4,12,0,27,81,0.245,0.303,0.338,0.641,78,106,1,2,4,0
Josh Smith,TEX,232,195,36,8,1,6,1,0,25,55,0.185,0.304,0.328,0.633,73,64,9,2,1,0
Joshua Palacios,PIT,264,247,59,9,2,10,5,0,12,56,0.239,0.279,0.413,0.692,86,102,2,2,1,0
Juan Soto,SDP,708,568,156,32,1,35,12,5,132,129,0.275,0.41,0.519,0.93,158,295,2,1,5,11
Juan Yepez,STL,65,60,11,1,0,2,0,1,4,20,0.183,0.246,0.3,0.546,49,18,1,0,0,0
Julio Rodríguez,SEA,714,654,180,37,2,32,37,10,47,175,0.275,0.333,0.485,0.818,128,317,11,0,2,6
Jurickson Profar,TOT,521,459,111,27,2,9,1,0,50,90,0.242,0.321,0.368,0.689,80,169,6,0,5,0
Justin Turner,BOS,626,558,154,31,0,23,4,1,51,110,0.276,0.345,0.455,0.8,114,254,11,0,6,0
Ke'Bryan Hayes,PIT,525,494,134,31,7,15,10,6,28,104,0.271,0.309,0.453,0.762,105,224,0,0,3,1
Keibert Ruiz,WSN,562,523,136,24,0,18,1,1,31,58,0.26,0.308,0.409,0.717,97,214,6,0,2,1
Kerry Carpenter,DET,459,418,116,17,2,20,6,0,32,115,0.278,0.34,0.471,0.811,120,197,8,0,1,3
Ketel Marte,ARI,650,569,157,26,9,25,8,2,71,109,0.276,0.358,0.485,0.844,128,276,5,0,5,2
Kevin Kiermaier,TOR,408,370,98,21,6,8,14,1,29,86,0.265,0.322,0.419,0.741,104,155,4,1,4,0
Kevin Newman,CIN,253,225,57,16,0,3,8,1,17,34,0.253,0.311,0.364,0.675,81,82,4,2,5,0
Kevin Pillar,ATL,206,197,45,10,0,9,4,1,6,50,0.228,0.248,0.416,0.664,74,82,0,0,3,0
Kevin Smith,OAK,146,135,25,4,0,5,1,0,5,51,0.185,0.22,0.326,0.546,54,44,1,5,0,0
Kody Clemens,PHI,148,139,32,7,0,4,0,0,8,40,0.23,0.277,0.367,0.644,75,51,1,0,0,0
Kole Calhoun,CLE,174,157,34,7,0,6,0,1,13,37,0.217,0.282,0.376,0.657,82,59,2,0,2,0
Kolten Wong,TOT,250,224,41,6,0,4,3,2,18,53,0.183,0.256,0.263,0.519,47,59,5,0,3,0
Korey Lee,CHW,70,65,5,1,0,1,0,0,5,20,0.077,0.143,0.138,0.281,-22,9,0,0,0,0
Kris Bryant,COL,335,300,70,10,0,10,0,0,29,68,0.233,0.313,0.367,0.68,76,110,6,0,0,0
Kyle Farmer,MIN,369,336,86,14,2,11,2,4,23,86,0.256,0.317,0.408,0.725,98,137,8,0,2,0
Kyle Higashioka,NYY,260,242,57,13,0,10,0,0,14,74,0.236,0.274,0.413,0.687,85,100,0,1,3,0
Kyle Isbel,KCR,313,292,70,22,2,5,7,1,17,59,0.24,0.282,0.38,0.662,80,111,1,1,2,0
Kyle Lewis,ARI,54,51,8,2,0,1,0,0,3,21,0.157,0.204,0.255,0.459,25,13,0,0,0,0
Kyle Schwarber,PHI,720,585,115,19,1,47,0,2,126,215,0.197,0.343,0.474,0.817,122,277,6,0,3,5
Kyle Tucker,HOU,674,574,163,37,5,29,30,5,80,92,0.284,0.369,0.517,0.886,142,297,3,0,10,9
LaMonte Wade Jr.,SFG,519,429,110,14,2,17,2,0,76,95,0.256,0.373,0.417,0.79,119,179,6,4,4,3
Lane Thomas,WSN,682,628,168,36,3,28,20,5,36,176,0.268,0.315,0.468,0.783,114,294,11,0,7,0
Lars Nootbaar,STL,503,426,111,23,1,14,11,1,72,99,0.261,0.367,0.418,0.784,115,178,1,1,3,2
Lawrence Butler,OAK,129,123,26,4,0,4,0,0,4,35,0.211,0.24,0.341,0.582,64,42,1,0,1,0
Lenyn Sosa,CHW,173,164,33,6,0,6,0,1,5,40,0.201,0.224,0.348,0.571,53,57,0,3,1,1
Leody Taveras,TEX,554,511,136,31,3,14,14,4,35,117,0.266,0.312,0.421,0.733,97,215,1,3,4,0
Liover Peguero,PIT,213,198,47,4,1,7,6,2,11,67,0.237,0.28,0.374,0.653,77,74,1,2,1,0
Logan O'Hoppe,LAA,199,182,43,6,0,14,0,1,14,48,0.236,0.296,0.5,0.796,111,91,2,0,1,0
Lourdes Gurriel Jr.,ARI,592,551,144,35,2,24,5,0,33,103,0.261,0.309,0.463,0.772,108,255,6,0,2,1
Luis Arraez,MIA,617,574,203,30,3,10,3,2,35,34,0.354,0.393,0.469,0.861,133,269,4,1,3,10
Luis Campusano,SDP,174,163,52,7,0,7,0,0,7,21,0.319,0.356,0.491,0.847,134,80,3,0,1,0
Luis García Jr.,WSN,482,447,119,18,4,9,9,4,27,60,0.266,0.304,0.385,0.688,90,172,0,1,7,1
Luis Guillorme,NYM,120,107,24,6,1,1,0,0,10,28,0.224,0.288,0.327,0.615,70,35,0,2,1,1
Luis Matos,SFG,253,228,57,13,1,2,3,0,20,33,0.25,0.319,0.342,0.661,84,78,3,2,0,0
Luis Rengifo,LAA,445,394,104,15,4,16,6,4,41,82,0.264,0.339,0.444,0.783,111,175,6,0,4,0
Luis Robert Jr.,CHW,595,546,144,36,1,38,20,4,30,172,0.264,0.315,0.542,0.857,128,296,12,0,2,5
Luis Urías,TOT,177,144,28,6,0,3,0,0,21,41,0.194,0.337,0.299,0.636,76,43,10,0,0,0
Luke Maile,CIN,199,179,42,10,0,6,2,1,14,49,0.235,0.308,0.391,0.699,87,70,5,1,0,0
Luke Raley,TBR,406,357,89,23,3,19,14,3,28,128,0.249,0.333,0.49,0.824,126,175,18,1,2,0
Luke Voit,MIL,74,68,15,3,0,0,2,0,4,27,0.221,0.284,0.265,0.548,53,18,2,0,0,0
Luken Baker,STL,99,86,18,3,0,2,0,0,13,31,0.209,0.313,0.314,0.627,73,27,0,0,0,0
Maikel García,KCR,515,464,126,20,4,4,23,7,38,115,0.272,0.323,0.358,0.681,88,166,2,1,10,0
Manny Machado,SDP,601,543,140,21,0,30,3,2,50,109,0.258,0.319,0.462,0.782,115,251,2,0,6,1
Manuel Margot,TBR,336,311,82,21,1,4,9,3,18,55,0.264,0.31,0.376,0.686,91,117,4,0,3,0
Marcell Ozuna,ATL,592,530,145,29,1,40,0,0,57,134,0.274,0.346,0.558,0.905,138,296,3,0,2,1
Marcus Semien,TEX,753,670,185,40,4,29,14,3,72,110,0.276,0.348,0.478,0.826,122,320,5,0,5,1
Mark Canha,TOT,507,435,114,25,1,11,11,1,49,79,0.262,0.355,0.4,0.755,108,174,17,0,6,1
Mark Mathias,TOT,72,62,14,2,0,0,3,0,10,15,0.226,0.333,0.258,0.591,66,16,0,0,0,0
Mark Vientos,NYM,233,218,46,5,1,9,1,0,10,71,0.211,0.253,0.367,0.62,69,80,3,0,2,0
Martín Maldonado,HOU,407,362,69,12,0,15,0,0,30,139,0.191,0.258,0.348,0.606,66,126,3,12,0,0
Masataka Yoshida,BOS,580,537,155,33,3,15,8,0,34,81,0.289,0.338,0.445,0.783,109,239,7,0,2,0
Masyn Winn,STL,137,122,21,2,0,2,2,1,10,26,0.172,0.23,0.238,0.467,29,29,0,2,3,0
Matt Beaty,TOT,72,61,14,4,0,0,0,0,6,14,0.23,0.347,0.295,0.642,80,18,5,0,0,0
Matt Carpenter,SDP,237,188,33,12,0,5,1,0,41,67,0.176,0.322,0.319,0.641,81,60,2,0,5,0
Matt Chapman,TOR,581,509,122,39,2,17,4,2,62,165,0.24,0.33,0.424,0.755,108,216,8,0,2,1
Matt Duffy,KCR,209,191,48,8,0,2,1,0,12,39,0.251,0.306,0.325,0.631,75,62,4,0,2,0
Matt McLain,CIN,403,365,106,23,4,16,14,5,31,115,0.29,0.357,0.507,0.864,129,185,7,0,0,0
Matt Mervis,CHC,99,90,15,2,0,3,0,0,8,32,0.167,0.242,0.289,0.531,43,26,1,0,0,0
Matt Olson,ATL,720,608,172,27,3,54,1,0,104,167,0.283,0.389,0.604,0.993,162,367,4,0,4,8
Matt Thaiss,LAA,307,262,56,6,0,9,2,0,36,83,0.214,0.319,0.34,0.659,80,89,6,0,3,1
Matt Vierling,DET,530,479,125,21,5,10,6,6,44,112,0.261,0.329,0.388,0.717,96,186,5,1,1,1
Matt Wallner,MIN,254,213,53,11,1,14,2,1,28,80,0.249,0.37,0.507,0.877,139,108,13,0,0,1
Matthew Batten,SDP,139,120,31,6,0,2,2,2,17,30,0.258,0.355,0.358,0.713,101,43,1,1,0,0
Mauricio Dubon,HOU,492,467,130,26,3,10,7,2,19,70,0.278,0.309,0.411,0.72,97,192,3,0,3,0
Max Kepler,MIN,491,438,114,22,2,24,1,1,45,106,0.26,0.332,0.484,0.816,121,212,4,0,4,0
Max Muncy,LAD,579,482,102,17,1,36,1,2,85,153,0.212,0.333,0.475,0.808,115,229,6,0,6,4
Michael Taylor,MIN,388,355,78,14,1,21,13,1,26,130,0.22,0.278,0.442,0.72,94,157,3,3,1,0
Michael Brantley,HOU,57,54,15,2,0,2,0,0,2,2,0.278,0.298,0.426,0.724,98,23,0,0,1,0
Michael Busch,LAD,81,72,12,3,0,2,1,0,8,27,0.167,0.247,0.292,0.539,45,21,0,0,1,0
Michael Chavis,WSN,96,91,22,3,0,2,1,0,5,33,0.242,0.281,0.341,0.622,72,31,0,0,0,0
Michael Conforto,SFG,470,406,97,14,0,15,4,0,53,106,0.239,0.334,0.384,0.718,99,156,7,0,4,4
Michael Harris II,ATL,539,505,148,33,3,18,20,4,25,101,0.293,0.331,0.477,0.808,114,241,5,1,3,1
Michael Massey,KCR,461,428,98,18,1,15,6,2,24,99,0.229,0.274,0.381,0.655,78,163,4,1,4,0
Michael Stefanic,LAA,71,62,18,2,1,0,0,1,8,8,0.29,0.38,0.355,0.735,103,22,1,0,0,0
Michael Toglia,COL,152,141,23,5,0,4,1,1,10,50,0.163,0.224,0.284,0.507,30,40,1,0,0,0
Mickey Moniak,LAA,323,311,87,21,2,14,6,3,9,113,0.28,0.307,0.495,0.802,113,154,3,0,0,1
Miguel Amaya,CHC,156,131,28,4,0,5,0,0,12,40,0.214,0.329,0.359,0.688,86,47,11,1,1,0
Miguel Andujar,PIT,90,84,21,7,0,4,2,0,6,13,0.25,0.3,0.476,0.776,108,40,0,0,0,0
Miguel Cabrera,DET,370,334,86,20,0,4,0,0,31,74,0.257,0.322,0.353,0.675,86,118,2,0,3,0
Miguel Rojas,LAD,423,385,91,16,1,5,8,3,26,48,0.236,0.29,0.322,0.612,66,124,5,2,5,0
Miguel Vargas,LAD,304,256,50,15,4,7,3,2,38,61,0.195,0.305,0.367,0.672,81,94,4,1,4,1
Mike Brosseau,MIL,78,73,15,2,0,4,0,0,4,20,0.205,0.256,0.397,0.654,76,29,1,0,0,0
Mike Ford,SEA,251,219,50,6,0,16,0,0,24,81,0.228,0.323,0.475,0.798,122,104,7,0,1,0
Mike Moustakas,TOT,386,352,87,15,0,12,0,0,23,95,0.247,0.293,0.392,0.685,81,138,3,0,8,1
Mike Tauchman,CHC,401,337,85,18,0,8,7,1,56,86,0.252,0.363,0.377,0.739,100,127,4,1,3,1
Mike Trout,LAA,362,308,81,14,1,18,2,0,45,104,0.263,0.367,0.49,0.858,131,151,7,0,2,2
Mike Yastrzemski,SFG,381,330,77,23,1,15,2,2,45,99,0.233,0.33,0.445,0.775,113,147,3,2,1,3
Mike Zunino,CLE,140,124,22,7,0,3,0,0,15,61,0.177,0.271,0.306,0.578,62,38,1,0,0,0
Miles Mastrobuoni,CHC,149,133,32,5,0,1,13,1,13,32,0.241,0.308,0.301,0.609,65,40,0,3,0,0
Mitch Garver,TEX,344,296,80,11,0,19,0,0,44,82,0.27,0.37,0.5,0.87,134,148,3,0,0,1
Mitch Haniger,SFG,229,211,44,13,1,6,1,0,15,65,0.209,0.266,0.365,0.631,73,77,2,0,1,0
MJ Melendez,KCR,602,533,125,29,5,16,6,4,62,170,0.235,0.316,0.398,0.713,95,212,3,0,4,2
Mookie Betts,LAD,693,584,179,40,1,39,14,3,96,107,0.307,0.408,0.579,0.987,163,338,8,0,5,3
Myles Straw,CLE,518,462,110,18,3,1,20,6,42,97,0.238,0.301,0.297,0.597,69,137,2,6,6,0
Nate Eaton,KCR,56,53,4,0,0,0,3,0,2,21,0.075,0.125,0.075,0.2,-42,4,1,0,0,0
Nathaniel Lowe,TEX,724,623,163,38,3,17,1,0,93,165,0.262,0.36,0.414,0.775,111,258,5,0,3,2
Nelson Cruz,SDP,152,143,35,5,1,5,1,0,6,46,0.245,0.283,0.399,0.681,88,57,2,0,1,1
Nelson Velazquez,TOT,179,162,38,6,0,17,0,0,14,51,0.235,0.302,0.586,0.888,136,95,2,0,1,0
Nick Ahmed,ARI,210,198,42,10,1,2,5,1,12,52,0.212,0.257,0.303,0.56,53,60,0,0,0,0
Nick Allen,OAK,329,303,67,4,2,4,5,1,17,52,0.221,0.263,0.287,0.55,58,87,1,6,2,0
Nick Castellanos,PHI,671,626,170,37,2,29,11,2,36,185,0.272,0.311,0.476,0.788,112,298,3,0,6,0
Nick Fortes,MIA,323,294,60,10,0,6,4,2,17,59,0.204,0.263,0.299,0.562,52,88,7,3,2,0
Nick Gonzales,PIT,128,115,24,8,1,2,0,1,6,36,0.209,0.268,0.348,0.616,67,40,4,1,2,0
Nick Gordon,MIN,93,91,16,5,1,2,0,0,1,11,0.176,0.185,0.319,0.503,35,29,0,1,0,0
Nick Loftin,KCR,68,62,20,5,1,0,2,0,4,12,0.323,0.368,0.435,0.803,121,27,1,0,1,0
Nick Madrigal,CHC,294,270,71,16,1,2,10,2,10,24,0.263,0.311,0.352,0.663,79,95,9,5,0,0
Nick Martini,CIN,79,72,19,3,1,6,0,0,5,15,0.264,0.329,0.583,0.912,139,42,2,0,0,0
Nick Maton,DET,293,249,43,9,0,8,1,2,38,73,0.173,0.288,0.305,0.593,63,76,3,1,2,1
Nick Pratto,KCR,345,306,71,16,0,7,1,1,29,138,0.232,0.307,0.353,0.66,82,108,6,0,4,0
Nick Senzel,CIN,330,301,71,10,0,13,6,2,26,74,0.236,0.297,0.399,0.696,85,120,1,0,2,0
Nicky Lopez,TOT,262,225,52,8,3,1,6,2,26,40,0.231,0.326,0.307,0.632,75,69,6,4,1,0
Nico Hoerner,CHC,688,619,175,27,4,9,43,7,49,83,0.283,0.346,0.383,0.729,97,237,14,1,5,0
Noelvi Marte,CIN,123,114,36,7,0,3,6,2,8,25,0.316,0.366,0.456,0.822,120,52,1,0,0,0
Nolan Arenado,STL,612,560,149,26,2,26,3,3,41,101,0.266,0.315,0.459,0.774,109,257,3,0,8,5
Nolan Gorman,STL,464,406,96,17,0,27,7,2,53,148,0.236,0.328,0.478,0.805,117,194,3,0,2,1
Nolan Jones,COL,424,367,109,22,4,20,20,4,53,126,0.297,0.389,0.542,0.931,138,199,3,0,1,3
Nolan Schanuel,LAA,132,109,30,3,0,1,0,0,20,19,0.275,0.402,0.33,0.732,103,36,3,0,0,1
Omar Narvaez,NYM,146,128,27,5,0,2,0,0,14,27,0.211,0.283,0.297,0.58,61,38,0,1,3,0
Orlando Arcia,ATL,533,488,129,25,0,17,1,0,39,102,0.264,0.321,0.42,0.741,98,205,3,0,3,0
Oscar Colas,CHW,263,245,53,9,0,5,4,3,12,71,0.216,0.257,0.314,0.571,55,77,2,2,2,1
Oscar Gonzalez,CLE,180,173,37,7,2,2,0,0,5,46,0.214,0.239,0.312,0.551,53,54,1,0,1,0
Osleivis Basabe,TBR,94,87,19,5,0,1,0,1,6,25,0.218,0.277,0.31,0.587,64,27,1,0,0,0
Oswald Peraza,NYY,191,173,33,8,0,2,4,3,13,50,0.191,0.267,0.272,0.539,49,47,5,0,0,0
Oswaldo Cabrera,NYY,330,298,63,11,0,5,8,0,25,72,0.211,0.275,0.299,0.574,58,89,2,3,2,1
Owen Miller,MIL,314,291,76,17,0,5,13,2,17,61,0.261,0.303,0.371,0.674,84,108,2,0,4,1
Ozzie Albies,ATL,660,596,167,30,5,33,13,1,46,107,0.28,0.336,0.513,0.849,124,306,8,0,8,2
Pablo Reyes,BOS,185,167,48,9,0,2,7,2,14,21,0.287,0.339,0.377,0.716,94,63,0,2,2,0
Parker Meadows,DET,145,125,29,4,2,3,8,1,17,37,0.232,0.331,0.368,0.699,92,46,2,0,1,1
Patrick Bailey,SFG,353,326,76,18,1,7,1,0,21,100,0.233,0.285,0.359,0.644,77,117,3,2,1,0
Patrick Wisdom,CHC,302,268,55,8,1,23,4,2,30,111,0.205,0.289,0.5,0.789,107,134,2,1,1,0
Paul DeJong,TOT,400,372,77,13,0,14,4,4,21,121,0.207,0.258,0.355,0.612,66,132,5,0,2,0
Paul Goldschmidt,STL,687,593,159,31,0,25,11,2,87,161,0.268,0.363,0.447,0.81,120,265,3,0,3,6
Pavin Smith,ARI,228,191,36,5,0,7,1,1,35,45,0.188,0.317,0.325,0.642,77,62,1,0,0,0
Pete Alonso,NYM,658,568,123,21,2,46,4,1,65,151,0.217,0.318,0.504,0.821,122,286,21,0,4,6
Rafael Devers,BOS,656,580,157,34,0,33,5,1,62,126,0.271,0.351,0.5,0.851,126,290,11,0,3,10
Rafael Ortega,NYM,136,114,25,3,0,1,6,1,20,33,0.219,0.341,0.272,0.613,73,31,1,1,0,0
Raimel Tapia,TOT,169,148,35,4,1,3,10,2,17,40,0.236,0.317,0.338,0.655,79,50,1,1,1,0
Ramón Laureano,TOT,404,361,81,18,4,9,12,1,33,114,0.224,0.304,0.371,0.676,91,134,9,0,1,0
Ramón Urias,BAL,396,360,95,22,3,4,3,1,27,101,0.264,0.328,0.375,0.703,98,135,8,0,1,0
Randal Grichuk,TOT,471,434,116,31,2,16,2,2,29,96,0.267,0.321,0.459,0.779,103,199,6,0,2,2
Randy Arozarena,TBR,654,551,140,19,3,23,22,10,80,156,0.254,0.364,0.425,0.789,120,234,18,0,5,1
Reese McGuire,BOS,206,187,50,12,1,1,2,1,11,53,0.267,0.31,0.358,0.668,80,67,1,2,1,0
René Pinto,TBR,105,103,26,3,0,6,0,0,2,34,0.252,0.267,0.456,0.723,97,47,0,0,0,0
Richie Palacios,STL,102,93,24,6,0,6,2,0,6,11,0.258,0.307,0.516,0.823,120,48,1,1,1,0
Riley Adams,WSN,158,143,39,13,2,4,0,0,11,45,0.273,0.331,0.476,0.807,120,68,2,1,1,0
Riley Greene,DET,416,378,109,19,4,11,7,0,35,114,0.288,0.349,0.447,0.796,117,169,1,0,2,0
Rob Refsnyder,BOS,243,202,50,9,1,1,7,2,33,47,0.248,0.365,0.317,0.682,87,64,5,1,1,0
Robbie Grossman,TEX,420,353,84,23,1,10,1,0,57,98,0.238,0.34,0.394,0.734,100,139,2,0,8,0
Rodolfo Castro,TOT,256,227,48,7,0,6,1,4,23,74,0.211,0.297,0.322,0.618,70,73,5,0,1,1
Romy Gonzalez,CHW,97,93,18,4,2,3,7,0,2,36,0.194,0.208,0.376,0.585,55,35,0,1,1,0
Ronald Acuna Jr.,ATL,735,643,217,35,4,41,73,14,80,84,0.337,0.416,0.596,1.012,168,383,9,0,3,3
Ronny Mauricio,NYM,108,101,25,4,0,2,7,0,7,31,0.248,0.296,0.347,0.643,77,35,0,0,0,0
Rougned Odor,SDP,157,138,28,9,0,4,2,1,17,37,0.203,0.299,0.355,0.654,83,49,2,0,0,0
Rowdy Tellez,MIL,351,311,67,9,1,13,0,0,35,86,0.215,0.291,0.376,0.667,82,117,0,0,5,2
Royce Lewis,MIN,239,217,67,7,0,15,6,1,20,55,0.309,0.372,0.548,0.921,150,119,2,0,0,0
Ryan Jeffers,MIN,335,286,79,15,2,14,3,2,33,93,0.276,0.369,0.49,0.858,134,140,10,4,2,1
Ryan McKenna,BAL,139,122,31,7,0,2,5,0,9,40,0.254,0.316,0.361,0.677,91,44,3,3,2,0
Ryan McMahon,COL,627,555,133,31,3,23,5,5,68,198,0.24,0.322,0.431,0.753,93,239,1,0,3,2
Ryan Mountcastle,BAL,470,423,114,21,1,18,3,1,37,107,0.27,0.328,0.452,0.779,117,191,3,0,7,1
Ryan Noda,OAK,495,406,93,22,1,16,3,1,77,170,0.229,0.364,0.406,0.77,121,165,10,0,2,1
Ryan O'Hearn,BAL,368,346,100,22,1,14,5,1,15,82,0.289,0.322,0.48,0.801,122,166,3,1,3,2
Sal Frelick,MIL,223,191,47,9,1,3,7,0,28,37,0.246,0.341,0.351,0.692,91,67,1,0,3,0
Salvador Pérez,KCR,580,538,137,21,0,23,0,0,19,135,0.255,0.292,0.422,0.714,94,227,13,0,8,6
Sam Haggerty,SEA,108,91,23,3,1,1,10,1,15,17,0.253,0.364,0.341,0.705,102,31,1,1,0,0
Sam Hilliard,ATL,78,72,17,5,0,3,4,0,6,33,0.236,0.295,0.431,0.725,92,31,0,0,0,0
Samad Taylor,KCR,69,60,12,2,1,0,8,0,7,22,0.2,0.279,0.267,0.546,52,16,0,1,1,0
Santiago Espinal,TOR,254,230,57,14,0,2,2,1,18,36,0.248,0.31,0.335,0.644,80,77,3,2,1,1
Sean Murphy,ATL,438,370,93,21,0,21,0,0,49,98,0.251,0.365,0.478,0.844,125,177,18,0,1,0
Seby Zavala,TOT,193,175,30,4,0,7,1,0,12,70,0.171,0.23,0.314,0.545,47,55,2,2,2,0
Seiya Suzuki,CHC,583,515,147,31,6,20,6,7,59,130,0.285,0.357,0.485,0.842,124,250,2,0,7,3
Seth Brown,OAK,378,343,76,19,1,14,3,1,30,101,0.222,0.286,0.405,0.692,96,139,2,1,2,1
Shea Langeliers,OAK,490,448,92,19,4,22,3,2,34,143,0.205,0.268,0.413,0.681,92,185,5,1,2,2
Shohei Ohtani,LAA,599,497,151,26,8,44,20,6,91,143,0.304,0.412,0.654,1.066,184,325,3,0,3,21
Spencer Steer,CIN,665,582,158,37,3,23,15,3,68,139,0.271,0.356,0.464,0.82,119,270,11,0,4,0
Spencer Torkelson,DET,684,606,141,34,1,31,3,0,67,171,0.233,0.313,0.446,0.758,105,270,6,0,5,1
Starling Marte,NYM,341,315,78,7,1,5,24,4,16,69,0.248,0.301,0.324,0.625,73,102,8,2,0,1
Steven Kwan,CLE,718,638,171,36,7,5,21,3,70,75,0.268,0.34,0.37,0.71,100,236,3,1,6,2
Stone Garrett,WSN,271,234,63,17,0,9,3,1,26,82,0.269,0.343,0.457,0.801,120,107,3,0,5,0
Stuart Fairchild,CIN,255,219,50,16,2,5,10,3,25,69,0.228,0.321,0.388,0.71,90,85,6,3,2,0
Taylor Motter,STL,82,76,13,3,0,0,0,0,5,31,0.171,0.232,0.211,0.442,23,16,1,0,0,0
Taylor Trammell,SEA,56,46,6,0,0,3,0,1,9,22,0.13,0.286,0.326,0.612,73,15,1,0,0,0
Taylor Walls,TBR,349,303,61,12,2,8,22,1,44,92,0.201,0.305,0.333,0.638,79,101,1,1,0,0
Taylor Ward,LAA,409,356,90,18,0,14,4,2,39,80,0.253,0.335,0.421,0.756,105,150,8,0,6,0
Teoscar Hernandez,SEA,678,625,161,29,2,26,7,2,38,211,0.258,0.305,0.435,0.741,106,272,8,0,7,2
Terrin Vavra,BAL,56,49,12,0,0,0,1,0,5,12,0.245,0.315,0.245,0.56,62,12,0,2,0,0
Thairo Estrada,SFG,530,495,134,26,2,14,23,7,22,120,0.271,0.315,0.416,0.731,101,206,11,0,2,1
Tim Anderson,CHW,524,493,121,18,2,1,13,2,26,122,0.245,0.286,0.296,0.582,60,146,3,0,2,0
Tim Locastro,NYM,67,56,13,3,0,2,6,0,3,22,0.232,0.338,0.393,0.731,102,22,6,2,0,0
TJ Friedl,CIN,556,488,136,22,8,18,27,6,47,90,0.279,0.352,0.467,0.819,118,228,10,8,3,1
Tom Murphy,SEA,159,145,42,12,0,8,0,0,10,44,0.29,0.335,0.538,0.873,142,78,1,0,2,0
Tomás Nido,NYM,61,56,7,0,0,0,0,0,2,18,0.125,0.153,0.125,0.278,-22,7,0,2,1,0
Tommy Edman,STL,528,479,119,25,4,13,27,4,35,84,0.248,0.307,0.399,0.705,91,191,7,3,4,1
Tommy Pham,TOT,481,426,109,27,3,16,22,3,47,106,0.256,0.328,0.446,0.774,111,190,2,0,6,1
Tony Kemp,OAK,419,359,75,13,3,5,15,4,44,40,0.209,0.303,0.304,0.607,76,109,6,7,3,0
Travis d'Arnaud,ATL,292,267,60,13,0,11,0,0,21,67,0.225,0.288,0.397,0.685,82,106,3,0,1,0
Travis Jankowski,TEX,287,247,65,12,1,1,19,1,35,42,0.263,0.357,0.332,0.689,90,82,2,1,2,0
Trayce Thompson,TOT,179,153,25,2,0,6,2,0,24,77,0.163,0.285,0.294,0.579,58,45,2,0,0,0
Trea Turner,PHI,691,639,170,35,5,26,30,0,45,150,0.266,0.32,0.459,0.778,111,293,6,0,1,2
Trent Grisham,SDP,555,469,93,31,1,13,15,3,75,154,0.198,0.315,0.352,0.666,87,165,5,4,1,0
Trevor Larnach,MIN,212,183,39,7,3,8,1,1,27,72,0.213,0.311,0.415,0.727,98,76,0,0,2,1
Trevor Story,BOS,168,158,32,9,0,3,10,3,9,55,0.203,0.25,0.316,0.566,52,50,1,0,0,0
Trey Cabbage,LAA,56,53,11,3,0,1,1,1,2,26,0.208,0.232,0.321,0.553,49,17,0,0,1,0
Trey Mancini,CHC,263,235,55,12,0,4,0,0,21,78,0.234,0.299,0.336,0.635,71,79,2,0,3,1
Triston Casas,BOS,502,429,113,21,2,24,0,0,70,126,0.263,0.367,0.49,0.856,129,210,1,0,2,2
Tucker Barnhart,CHC,123,109,22,3,0,1,1,0,12,42,0.202,0.285,0.257,0.541,48,28,1,0,1,0
Tucupita Marcano,PIT,220,202,47,12,2,3,5,2,10,35,0.233,0.276,0.356,0.633,72,72,3,3,2,0
Ty France,SEA,665,587,147,32,0,12,1,0,43,117,0.25,0.337,0.366,0.703,99,215,34,0,1,0
Tyler Freeman,CLE,168,153,37,7,0,4,5,0,10,30,0.242,0.295,0.366,0.661,84,56,2,2,1,0
Tyler Nevin,DET,111,95,19,3,1,2,0,1,12,25,0.2,0.306,0.316,0.622,72,30,3,0,1,0
Tyler O'Neill,STL,266,238,55,14,0,9,5,0,28,67,0.231,0.312,0.403,0.715,94,96,0,0,0,0
Tyler Soderstrom,OAK,138,125,20,1,0,3,0,0,11,43,0.16,0.232,0.24,0.472,36,30,1,0,1,0
Tyler Stephenson,CIN,517,465,113,20,2,13,0,1,47,135,0.243,0.317,0.378,0.696,87,176,4,0,1,2
Tyler Wade,OAK,55,51,13,1,1,0,4,0,4,13,0.255,0.309,0.314,0.623,80,16,0,0,0,0
Tyrone Taylor,MIL,243,231,54,17,1,10,9,0,8,55,0.234,0.267,0.446,0.713,91,103,3,0,1,0
Vaughn Grissom,ATL,80,75,21,3,1,0,0,1,2,15,0.28,0.313,0.347,0.659,78,26,2,0,1,0
Víctor Caratini,MIL,226,201,52,4,0,7,1,1,19,45,0.259,0.327,0.383,0.711,95,77,3,0,3,0
Víctor Robles,WSN,126,107,32,5,1,0,8,1,11,18,0.299,0.385,0.364,0.75,110,39,4,4,0,0
Vidal Brujan,TBR,84,76,13,2,0,0,3,2,5,21,0.171,0.241,0.197,0.438,25,15,2,1,0,0
Vinnie Pasquantino,KCR,260,231,57,17,0,9,0,0,25,31,0.247,0.324,0.437,0.762,108,101,2,0,1,2
Vladimir Guerrero Jr.,TOR,682,602,159,30,0,26,5,3,67,100,0.264,0.345,0.444,0.788,117,267,9,0,4,5
Wade Meckler,SFG,64,56,13,1,0,0,0,0,6,25,0.232,0.328,0.25,0.578,64,14,2,0,0,0
Wander Franco,TBR,491,442,124,23,6,17,30,10,42,69,0.281,0.344,0.475,0.819,126,210,3,0,4,3
Whit Merrifield,TOR,592,547,149,27,0,11,26,10,36,101,0.272,0.318,0.382,0.7,94,209,3,0,6,2
Wil Myers,CIN,141,127,24,3,0,3,2,1,12,48,0.189,0.257,0.283,0.541,46,36,0,1,1,0
Will Benson,CIN,329,287,79,15,8,11,19,3,40,103,0.275,0.365,0.498,0.863,130,143,1,0,1,0
Will Brennan,CLE,455,432,115,24,0,5,13,5,16,57,0.266,0.299,0.356,0.655,83,154,5,0,2,2
Will Smith,LAD,554,464,121,21,2,19,3,0,63,89,0.261,0.359,0.438,0.797,114,203,15,0,12,2
Willi Castro,MIN,409,358,92,18,5,9,33,5,34,99,0.257,0.339,0.411,0.75,106,147,12,2,3,1
William Contreras,MIL,611,540,156,38,1,17,6,1,63,126,0.289,0.367,0.457,0.825,125,247,5,1,2,2
Willie Calhoun,NYY,149,134,32,7,0,5,0,0,14,20,0.239,0.309,0.403,0.712,94,54,0,0,1,1
Willson Contreras,STL,495,428,113,27,0,20,6,3,51,111,0.264,0.358,0.467,0.826,124,200,13,1,2,0
Willy Adames,MIL,638,553,120,29,2,24,5,3,71,165,0.217,0.31,0.407,0.717,95,225,6,0,6,1
Wilmer Flores,SFG,454,405,115,22,0,23,0,0,41,63,0.284,0.355,0.509,0.863,136,206,5,0,3,1
Wilyer Abreu,BOS,85,76,24,6,0,2,3,1,9,23,0.316,0.388,0.474,0.862,132,36,0,0,0,0
Xander Bogaerts,SDP,665,596,170,31,2,19,19,2,56,110,0.285,0.35,0.44,0.79,120,262,7,0,6,0
Xavier Edwards,MIA,84,78,23,3,0,0,5,0,3,14,0.295,0.329,0.333,0.663,81,26,1,2,0,0
Yainer Diaz,HOU,377,355,100,22,0,23,0,0,11,74,0.282,0.308,0.538,0.846,128,191,5,0,6,0
Yan Gomes,CHC,419,382,102,20,2,10,1,0,21,81,0.267,0.315,0.408,0.723,93,156,9,0,7,1
Yandy Díaz,TBR,600,525,173,35,0,22,0,1,65,94,0.33,0.41,0.522,0.932,158,274,8,0,2,0
Yasmani Grandal,CHW,405,363,85,14,0,8,0,0,36,86,0.234,0.309,0.339,0.647,77,123,4,0,2,1
Yoán Moncada,CHW,357,334,87,20,1,11,1,0,20,107,0.26,0.305,0.425,0.73,97,142,2,0,1,0
Yonathan Daza,COL,80,74,20,6,0,0,1,0,3,13,0.27,0.304,0.351,0.655,69,26,1,1,1,0
Yordan Álvarez,HOU,496,410,120,24,1,31,0,0,69,92,0.293,0.407,0.583,0.99,170,239,13,0,4,5
Yu Chang,BOS,112,105,17,2,0,6,4,0,3,34,0.162,0.2,0.352,0.552,45,37,2,2,0,0
Yuli Gurriel,MIA,329,298,73,16,3,4,4,0,26,44,0.245,0.304,0.359,0.663,79,107,1,0,4,3
Zach McKinstry,DET,518,464,107,21,4,9,16,6,44,113,0.231,0.302,0.351,0.654,79,163,5,2,3,0
Zach Neto,LAA,329,289,65,17,0,9,5,1,20,77,0.225,0.308,0.377,0.685,86,109,16,1,3,0
Zach Remillard,CHW,160,147,37,7,0,1,4,3,8,48,0.252,0.295,0.32,0.615,69,47,1,4,0,1
Zack Gelof,OAK,300,270,72,20,1,14,14,2,26,82,0.267,0.337,0.504,0.84,137,136,3,0,1,1
Zack Short,DET,253,221,45,9,0,7,5,0,28,66,0.204,0.292,0.339,0.631,73,75,0,3,1,0