Rk,Name,Age,Tm,Lg,W,L,W-L%,ERA,G,GS,GF,CG,SHO,SV,IP,H,R,ER,HR,BB,IBB,SO,HBP,BK,WP,BF,ERA+,FIP,H9,HR9,BB9,SO9
1,Logan Webb,26,SFG,NL,11,13,0.458,3.25,33,33,0,2,1,0,216,201,83,78,20,31,0,194,5,0,1,850,130,3.16,8.4,0.8,1.3,8.1
2,Zac Gallen,27,ARI,NL,17,9,0.654,3.47,34,34,0,1,1,0,210,188,87,81,22,47,0,220,5,1,8,846,125,3.26,8.1,0.9,2,9.4
3,Gerrit Cole,32,NYY,AL,15,4,0.789,2.63,33,33,0,2,2,0,209,157,64,61,20,48,0,222,7,1,4,821,165,3.16,6.8,0.9,2.1,9.6
4,Miles Mikolas,34,STL,NL,9,13,0.409,4.78,35,35,0,0,0,0,201.1,226,110,107,26,39,0,137,8,0,4,860,91,4.27,10.1,1.2,1.7,6.1
5,Chris Bassitt,34,TOR,AL,16,8,0.667,3.6,33,33,0,1,1,0,200,176,88,80,28,59,2,186,12,3,4,826,118,4.28,7.9,1.3,2.7,8.4
6,Framber Valdez*,29,HOU,AL,12,11,0.522,3.45,31,31,0,2,2,0,198,166,86,76,19,57,0,200,10,0,6,808,122,3.5,7.5,0.9,2.6,9.1
7,Luis Castillo,30,SEA,AL,14,9,0.609,3.34,33,33,0,0,0,0,197,160,81,73,28,56,0,219,5,0,3,802,121,3.81,7.3,1.3,2.6,10
8,Mitch Keller,27,PIT,NL,13,9,0.591,4.21,32,32,0,1,1,0,194.1,187,97,91,25,55,0,210,12,1,5,825,105,3.8,8.7,1.2,2.5,9.7
9,Pablo López,27,MIN,AL,11,8,0.579,3.66,32,32,0,1,1,0,194,176,81,79,24,48,1,234,9,0,7,801,117,3.33,8.2,1.1,2.2,10.9
10,Aaron Nola,30,PHI,NL,12,9,0.571,4.46,32,32,0,0,0,0,193.2,178,105,96,32,45,0,202,1,0,2,793,96,4.03,8.3,1.5,2.1,9.4
11,Corbin Burnes,28,MIL,NL,10,8,0.556,3.39,32,32,0,0,0,0,193.2,141,77,73,22,66,0,200,8,1,10,784,127,3.81,6.6,1,3.1,9.3
12,Kyle Gibson,35,BAL,AL,15,9,0.625,4.73,33,33,0,0,0,0,192,198,101,101,23,55,0,157,6,0,8,807,87,4.13,9.3,1.1,2.6,7.4
13,Zack Wheeler,33,PHI,NL,13,6,0.684,3.61,32,32,0,0,0,0,192,168,82,77,20,39,0,212,9,0,1,787,119,3.15,7.9,0.9,1.8,9.9
14,George Kirby,25,SEA,AL,13,10,0.565,3.35,31,31,0,1,0,0,190.2,179,74,71,22,19,1,172,6,0,1,757,120,3.34,8.4,1,0.9,8.1
15,Logan Gilbert,26,SEA,AL,13,7,0.65,3.73,32,32,0,1,1,0,190.2,169,82,79,29,36,1,189,2,0,6,770,108,3.85,8,1.4,1.7,8.9
16,José Berríos,29,TOR,AL,11,12,0.478,3.65,32,32,0,0,0,0,189.2,173,82,77,25,52,3,184,9,1,4,782,116,3.99,8.2,1.2,2.5,8.7
17,Jordan Montgomery*,30,TOT,MLB,10,11,0.476,3.2,32,32,0,0,0,0,188.2,177,75,67,18,48,0,166,4,0,6,777,138,3.56,8.4,0.9,2.3,7.9
18,Spencer Strider,24,ATL,NL,20,5,0.8,3.86,32,32,0,0,0,0,186.2,146,85,80,22,58,1,281,9,2,6,763,115,2.85,7,1.1,2.8,13.5
19,Kevin Gausman,32,TOR,AL,12,9,0.571,3.16,31,31,0,0,0,0,185,163,72,65,19,55,0,237,3,2,3,763,134,2.97,7.9,0.9,2.7,11.5
20,Sandy Alcántara,27,MIA,NL,7,12,0.368,4.14,28,28,0,3,1,0,184.2,176,91,85,22,48,0,151,5,1,4,762,108,4.03,8.6,1.1,2.3,7.4
21,Lucas Giolito,28,TOT,AL,8,15,0.348,4.88,33,33,0,0,0,0,184.1,169,110,100,41,73,2,204,9,0,5,794,91,5.27,8.3,2,3.6,10
22,Sonny Gray,33,MIN,AL,8,8,0.5,2.79,32,32,0,0,0,0,184,156,59,57,8,55,0,183,6,1,6,754,154,2.83,7.6,0.4,2.7,9
23,Lance Lynn,36,TOT,MLB,13,11,0.542,5.73,32,32,0,0,0,0,183.2,189,127,117,44,67,1,191,9,0,3,808,77,5.53,9.3,2.2,3.3,9.4
24,Blake Snell*,30,SDP,NL,14,9,0.609,2.25,32,32,0,0,0,0,180,115,47,45,15,99,0,234,3,2,13,742,182,3.44,5.8,0.8,5,11.7
26,Patrick Corbin*,33,WSN,NL,10,15,0.4,5.2,32,32,0,0,0,0,180,210,113,104,33,57,0,124,4,0,6,790,83,5.28,10.5,1.7,2.9,6.2
27,Jesús Luzardo*,25,MIA,NL,10,10,0.5,3.58,32,32,0,0,0,0,178.2,162,79,71,22,55,1,208,6,1,7,741,125,3.55,8.2,1.1,2.8,10.5
28,Zach Eflin,29,TBR,AL,16,8,0.667,3.5,31,31,0,0,0,0,177.2,158,69,69,19,24,1,186,3,0,0,703,119,3.01,8,1,1.2,9.4
29,Merrill Kelly,34,ARI,NL,12,8,0.6,3.29,30,30,0,0,0,0,177.2,143,71,65,20,69,0,187,4,4,3,722,132,3.85,7.2,1,3.5,9.5
30,Johan Oviedo,25,PIT,NL,9,14,0.391,4.31,32,32,0,1,1,0,177.2,161,91,85,19,83,1,158,13,3,7,781,103,4.49,8.2,1,4.2,8
31,Jordan Lyles,32,KCR,AL,6,17,0.261,6.28,31,31,0,3,0,0,177.2,176,130,124,39,45,0,120,6,0,10,748,70,5.62,8.9,2,2.3,6.1
32,Dylan Cease,27,CHW,AL,7,9,0.438,4.58,33,33,0,0,0,0,177,172,98,90,19,79,3,214,9,0,14,784,97,3.72,8.7,1,4,10.9
33,Bryce Elder,24,ATL,NL,12,4,0.75,3.81,31,31,0,0,0,0,174.2,160,79,74,19,63,0,128,8,1,11,732,116,4.42,8.2,1,3.2,6.6
34,Justin Steele*,27,CHC,NL,16,5,0.762,3.06,30,30,0,0,0,0,173.1,167,71,59,14,36,0,176,7,1,9,716,146,3.02,8.7,0.7,1.9,9.1
35,Taijuan Walker,30,PHI,NL,15,6,0.714,4.38,31,31,0,0,0,0,172.2,155,87,84,20,71,1,138,8,1,3,733,98,4.53,8.1,1,3.7,7.2
36,Dean Kremer,27,BAL,AL,13,5,0.722,4.12,32,32,0,0,0,0,172.2,171,85,79,27,55,0,157,5,0,5,735,100,4.51,8.9,1.4,2.9,8.2
37,Dane Dunning,28,TEX,AL,12,7,0.632,3.7,35,26,2,0,0,0,172.2,163,73,71,20,55,0,140,10,0,6,722,121,4.27,8.5,1,2.9,7.3
38,JP Sears*,27,OAK,AL,5,14,0.263,4.54,32,32,0,0,0,0,172.1,165,90,87,34,53,2,161,16,0,2,735,90,5.15,8.6,1.8,2.8,8.4
39,Kyle Bradish,26,BAL,AL,12,7,0.632,2.83,30,30,0,0,0,0,168.2,132,54,53,14,44,0,168,8,0,9,671,146,3.27,7,0.7,2.3,9
40,Yusei Kikuchi*,32,TOR,AL,11,6,0.647,3.86,32,32,0,0,0,0,167.2,165,78,72,27,48,0,181,4,0,7,700,110,4.12,8.9,1.4,2.6,9.7
41,Kodai Senga,30,NYM,NL,12,7,0.632,2.98,29,29,0,0,0,0,166.1,126,60,55,17,77,0,202,5,1,14,694,142,3.63,6.8,0.9,4.2,10.9
42,Freddy Peralta,27,MIL,NL,12,10,0.545,3.86,30,30,0,0,0,0,165.2,131,77,71,26,54,0,210,6,1,6,680,112,3.85,7.1,1.4,2.9,11.4
43,Charlie Morton,39,ATL,NL,14,12,0.538,3.64,30,30,0,0,0,0,163.1,150,70,66,14,83,2,183,12,2,4,716,122,3.87,8.3,0.8,4.6,10.1
44,Justin Verlander,40,TOT,MLB,13,8,0.619,3.22,27,27,0,0,0,0,162.1,139,63,58,18,45,0,144,5,0,5,669,131,3.85,7.7,1,2.5,8
45,Cristian Javier,26,HOU,AL,10,5,0.667,4.56,31,31,0,0,0,0,162,143,85,82,25,62,0,159,7,0,4,687,92,4.58,7.9,1.4,3.4,8.8
46,Joe Ryan,27,MIN,AL,11,10,0.524,4.51,29,29,0,1,1,0,161.2,155,83,81,32,34,0,197,6,0,3,672,95,4.13,8.6,1.8,1.9,11
47,Braxton Garrett*,25,MIA,NL,9,7,0.563,3.66,31,30,1,0,0,0,159.2,154,68,65,20,29,0,156,11,0,4,659,122,3.68,8.7,1.1,1.6,8.8
48,Brady Singer,26,KCR,AL,8,11,0.421,5.52,29,29,0,0,0,0,159.2,182,102,98,20,49,0,133,8,0,3,702,80,4.29,10.3,1.1,2.8,7.5
49,Clarke Schmidt,27,NYY,AL,9,9,0.5,4.64,33,32,1,0,0,0,159,169,91,82,24,46,0,149,11,2,11,694,93,4.42,9.6,1.4,2.6,8.4
50,Josiah Gray,25,WSN,NL,8,13,0.381,3.91,30,30,0,0,0,0,159,152,72,69,22,80,1,143,9,0,9,698,110,4.93,8.6,1.2,4.5,8.1
51,Jon Gray,31,TEX,AL,9,8,0.529,4.12,29,29,0,1,0,0,157.1,149,75,72,22,54,1,142,9,0,4,656,108,4.47,8.5,1.3,3.1,8.1
52,Brayan Bello,24,BOS,AL,12,11,0.522,4.24,28,28,0,0,0,0,157,165,77,74,24,45,0,132,6,0,1,668,107,4.54,9.5,1.4,2.6,7.6
53,Hunter Brown,24,HOU,AL,11,13,0.458,5.09,31,29,1,0,0,0,155.2,157,94,88,26,55,0,178,9,0,4,665,83,4.37,9.1,1.5,3.2,10.3
54,Kyle Freeland*,30,COL,NL,6,14,0.3,5.03,29,29,0,0,0,0,155.2,187,96,87,29,42,0,94,1,0,2,677,100,5.3,10.8,1.7,2.4,5.4
55,Jameson Taillon,31,CHC,NL,8,10,0.444,4.84,30,29,1,0,0,1,154.1,156,96,83,27,41,0,140,5,0,2,655,93,4.61,9.1,1.6,2.4,8.2
56,Michael Lorenzen,31,TOT,MLB,9,9,0.5,4.18,29,25,2,1,1,1,153,138,76,71,20,47,0,111,2,1,4,624,105,4.46,8.1,1.2,2.8,6.5
57,Eduardo Rodríguez*,30,DET,AL,13,9,0.591,3.3,26,26,0,0,0,0,152.2,128,59,56,15,48,0,143,3,0,3,621,134,3.66,7.5,0.9,2.8,8.4
58,Max Scherzer,38,TOT,MLB,13,6,0.684,3.77,27,27,0,0,0,0,152.2,126,65,64,28,45,0,174,4,0,2,621,114,4.32,7.4,1.7,2.7,10.3
59,Alex Cobb,35,SFG,NL,7,7,0.5,3.87,28,28,0,2,1,0,151.1,163,69,65,19,37,0,131,6,5,7,646,109,4.01,9.7,1.1,2.2,7.8
60,Reid Detmers*,23,LAA,AL,4,10,0.286,4.48,28,28,0,0,0,0,148.2,141,81,74,19,60,2,168,13,0,7,644,100,4.13,8.5,1.2,3.6,10.2
61,Andrew Heaney*,32,TEX,AL,10,6,0.625,4.15,34,28,1,0,0,0,147.1,143,74,68,23,60,0,151,10,0,3,641,107,4.66,8.7,1.4,3.7,9.2
62,Seth Lugo,33,SDP,NL,8,7,0.533,3.57,26,26,0,0,0,0,146.1,140,62,58,19,36,0,140,3,0,3,604,115,3.83,8.6,1.2,2.2,8.6
63,Rich Hill*,43,TOT,NL,8,14,0.364,5.41,32,27,3,0,0,0,146.1,165,98,88,23,58,0,129,7,1,2,660,81,4.87,10.1,1.4,3.6,7.9
64,Graham Ashcraft,25,CIN,NL,7,9,0.438,4.76,26,26,0,0,0,0,145.2,148,78,77,23,52,0,111,10,1,3,624,96,5.06,9.1,1.4,3.2,6.9
65,Patrick Sandoval*,26,LAA,AL,7,13,0.35,4.11,28,28,0,0,0,0,144.2,145,89,66,12,74,2,128,4,0,5,652,109,4.18,9,0.7,4.6,8
66,Bailey Ober,27,MIN,AL,8,6,0.571,3.43,26,26,0,0,0,0,144.1,125,58,55,22,29,0,146,7,0,1,577,125,3.96,7.8,1.4,1.8,9.1
67,Jack Flaherty,27,TOT,MLB,8,9,0.471,4.99,29,27,0,0,0,0,144.1,162,83,80,17,66,2,148,12,0,8,650,86,4.36,10.1,1.1,4.1,9.2
68,Trevor Williams,31,WSN,NL,6,10,0.375,5.55,30,30,0,0,0,0,144.1,178,97,89,34,53,1,111,5,2,0,659,78,5.98,11.1,2.1,3.3,6.9
69,Nathan Eovaldi,33,TEX,AL,12,5,0.706,3.63,25,25,0,2,1,0,144,117,59,58,15,47,0,132,6,0,2,577,123,3.88,7.3,0.9,2.9,8.3
70,Ryne Nelson,25,ARI,NL,8,8,0.5,5.31,29,27,1,0,0,0,144,159,87,85,24,46,0,96,1,1,6,619,82,5.07,9.9,1.5,2.9,6
71,Nick Pivetta,30,BOS,AL,10,9,0.526,4.04,38,16,3,0,0,1,142.2,110,69,64,23,50,1,183,6,1,5,587,113,3.96,6.9,1.5,3.2,11.5
72,Drew Smyly*,34,CHC,NL,11,11,0.5,5,41,23,4,0,0,0,142.1,147,89,79,26,56,0,141,6,1,9,626,90,4.96,9.3,1.6,3.5,8.9
73,Zack Greinke,39,KCR,AL,2,15,0.118,5.06,30,27,0,0,0,0,142.1,158,82,80,25,23,0,97,4,1,2,593,87,4.74,10,1.6,1.5,6.1
74,Tanner Bibee,24,CLE,AL,10,4,0.714,2.98,25,25,0,0,0,0,142,122,49,47,13,45,0,141,5,2,7,585,140,3.52,7.7,0.8,2.9,8.9
75,Martín Pérez*,32,TEX,AL,10,4,0.714,4.45,35,20,3,0,0,0,141.2,150,74,70,21,49,1,93,4,3,2,608,100,4.99,9.5,1.3,3.1,5.9
76,Tyler Anderson*,33,LAA,AL,6,6,0.5,5.43,27,25,0,0,0,0,141,146,90,85,20,64,1,119,7,2,6,629,82,4.92,9.3,1.3,4.1,7.6
77,Ken Waldichuk*,25,OAK,AL,4,9,0.308,5.36,35,22,2,0,0,1,141,149,93,84,24,71,1,132,9,1,7,639,76,5.3,9.5,1.5,4.5,8.4
78,Austin Gomber*,29,COL,NL,9,9,0.5,5.5,27,27,0,0,0,0,139,164,88,85,26,43,1,87,3,0,5,603,92,5.43,10.6,1.7,2.8,5.6
79,Kyle Hendricks,33,CHC,NL,6,8,0.429,3.74,24,24,0,0,0,0,137,138,68,57,13,27,0,93,4,0,0,578,120,3.81,9.1,0.9,1.8,6.1
80,Marcus Stroman,32,CHC,NL,10,9,0.526,3.95,27,25,1,1,1,0,136.2,120,68,60,9,52,0,119,3,0,3,575,113,3.58,7.9,0.6,3.4,7.8
81,J.P. France,28,HOU,AL,11,6,0.647,3.83,24,23,0,0,0,0,136.1,138,64,58,19,47,0,101,2,0,6,581,110,4.66,9.1,1.3,3.1,6.7
82,Yu Darvish,36,SDP,NL,8,10,0.444,4.56,24,24,0,0,0,0,136.1,134,71,69,18,43,0,141,8,1,1,574,90,4.03,8.8,1.2,2.8,9.3
83,MacKenzie Gore*,24,WSN,NL,7,10,0.412,4.42,27,27,0,0,0,0,136.1,134,71,67,27,57,0,151,1,0,6,582,97,4.89,8.8,1.8,3.8,10
84,Michael Wacha,31,SDP,NL,14,4,0.778,3.22,24,24,0,0,0,0,134.1,113,49,48,15,43,0,124,3,1,3,553,127,3.89,7.6,1,2.9,8.3
85,Shohei Ohtani,28,LAA,AL,10,5,0.667,3.14,23,23,0,1,1,0,132,85,50,46,18,55,0,167,11,0,12,531,142,4,5.8,1.2,3.8,11.4
86,Clayton Kershaw*,35,LAD,NL,13,5,0.722,2.46,24,24,0,0,0,0,131.2,100,39,36,19,40,0,137,3,2,6,523,177,4.03,6.8,1.3,2.7,9.4
87,Mike Clevinger,32,CHW,AL,9,9,0.5,3.77,24,24,0,2,0,0,131.1,121,56,55,16,40,0,110,9,0,6,549,118,4.28,8.3,1.1,2.7,7.5
88,Bryce Miller,24,SEA,AL,8,7,0.533,4.32,25,25,0,0,0,0,131.1,124,64,63,18,26,0,119,7,0,2,537,93,3.98,8.5,1.2,1.8,8.2
89,Kutter Crawford,27,BOS,AL,6,8,0.429,4.04,31,23,5,0,0,0,129.1,107,59,58,17,36,0,135,5,0,4,527,113,3.83,7.4,1.2,2.5,9.4
90,Michael Kopech,27,CHW,AL,5,12,0.294,5.43,30,27,2,0,0,0,129.1,115,80,78,29,91,0,134,11,0,9,591,82,6.46,8,2,6.3,9.3
91,Shane Bieber,28,CLE,AL,6,6,0.5,3.8,21,21,0,1,0,0,128,124,56,54,14,34,0,107,3,1,8,533,110,3.87,8.7,1,2.4,7.5
92,Griffin Canning,27,LAA,AL,7,8,0.467,4.32,24,22,0,0,0,0,127,121,62,61,22,36,1,139,5,0,4,536,103,4.29,8.6,1.6,2.6,9.9
93,Tylor Megill,27,NYM,NL,9,8,0.529,4.7,25,25,0,0,0,0,126.1,141,76,66,18,58,0,105,6,0,8,567,90,4.96,10,1.3,4.1,7.5
94,Logan Allen*,24,CLE,AL,7,8,0.467,3.81,24,24,0,0,0,0,125.1,127,55,53,16,48,0,119,1,0,1,537,109,4.19,9.1,1.1,3.4,8.5
95,Ranger Suárez*,27,PHI,NL,4,6,0.4,4.18,22,22,0,0,0,0,125,129,59,58,13,48,0,119,2,0,4,540,103,3.9,9.3,0.9,3.5,8.6
96,Colin Rea,32,MIL,NL,6,6,0.5,4.55,26,22,1,0,0,0,124.2,110,65,63,23,38,0,110,4,1,2,517,95,4.9,7.9,1.7,2.7,7.9
97,Bobby Miller,24,LAD,NL,11,4,0.733,3.76,22,22,0,0,0,0,124.1,105,53,52,12,32,0,119,6,0,10,505,116,3.51,7.6,0.9,2.3,8.6
98,Luke Weaver,29,TOT,MLB,3,6,0.333,6.4,29,25,1,0,0,0,123.2,155,90,88,29,40,0,109,4,0,3,563,70,5.61,11.3,2.1,2.9,7.9
99,Aaron Civale,28,TOT,AL,7,5,0.583,3.46,23,23,0,0,0,0,122.1,109,47,47,12,33,0,116,5,0,5,504,121,3.57,8,0.9,2.4,8.5
100,Grayson Rodriguez,23,BAL,AL,7,4,0.636,4.35,23,23,0,0,0,0,122,121,62,59,16,42,0,129,2,0,4,515,95,3.93,8.9,1.2,3.1,9.5
101,Jake Irvin,26,WSN,NL,3,7,0.3,4.61,24,24,0,0,0,0,121,118,66,62,20,54,0,99,8,1,2,530,93,5.3,8.8,1.5,4,7.4
102,Wade Miley*,36,MIL,NL,9,4,0.692,3.14,23,23,0,0,0,0,120.1,99,44,42,16,38,0,79,3,0,2,490,137,4.69,7.4,1.2,2.8,5.9
103,Tyler Glasnow,29,TBR,AL,10,7,0.588,3.53,21,21,0,0,0,0,120,93,52,47,13,37,0,162,1,0,11,485,118,2.91,7,1,2.8,12.2
104,Tyler Wells,28,BAL,AL,7,6,0.538,3.64,25,20,2,0,0,1,118.2,83,50,48,25,34,0,117,4,2,3,470,113,4.98,6.3,1.9,2.6,8.9
105,Sean Manaea*,31,SFG,NL,7,6,0.538,4.44,37,10,2,0,0,1,117.2,104,68,58,14,42,0,128,8,0,3,499,95,3.9,8,1.1,3.2,9.8
106,Julio Urías*,26,LAD,NL,11,8,0.579,4.6,21,21,0,0,0,0,117.1,112,61,60,24,24,0,117,6,1,2,482,95,4.69,8.6,1.8,1.8,9
107,Brandon Williamson*,25,CIN,NL,5,5,0.5,4.46,23,23,0,0,0,0,117,111,63,58,18,39,0,98,2,2,4,491,102,4.63,8.5,1.4,3,7.5
108,Shane McClanahan*,26,TBR,AL,11,2,0.846,3.29,21,21,0,0,0,0,115,95,42,42,15,41,0,121,0,0,1,469,127,3.92,7.4,1.2,3.2,9.5
109,Hunter Greene,23,CIN,NL,4,7,0.364,4.82,22,22,0,0,0,0,112,111,65,60,19,48,0,152,8,0,5,498,95,4.25,8.9,1.5,3.9,12.2
110,Adrian Houser,30,MIL,NL,8,5,0.615,4.12,23,21,1,0,0,0,111.1,121,56,51,13,34,0,96,1,0,2,481,105,3.99,9.8,1.1,2.7,7.8
111,David Peterson*,27,NYM,NL,3,8,0.273,5.03,27,21,0,1,0,0,111,124,64,62,16,50,0,128,6,0,6,492,84,4.34,10.1,1.3,4.1,10.4
112,Nick Martínez,32,SDP,NL,6,4,0.6,3.43,63,9,6,0,0,1,110.1,99,45,42,12,40,1,106,3,0,3,461,119,3.92,8.1,1,3.3,8.6
113,Luis Medina,24,OAK,AL,3,10,0.231,5.42,23,17,0,0,0,0,109.2,109,73,66,14,57,2,106,8,2,11,495,75,4.76,8.9,1.1,4.7,8.7
114,Andrew Abbott*,24,CIN,NL,8,6,0.571,3.87,21,21,0,0,0,0,109.1,100,47,47,16,44,0,120,1,1,1,459,118,4.2,8.2,1.3,3.6,9.9
115,Javier Assad,25,CHC,NL,5,3,0.625,3.05,32,10,9,0,0,0,109.1,93,38,37,13,41,1,94,3,1,3,449,147,4.29,7.7,1.1,3.4,7.7
116,Domingo Germán,30,NYY,AL,5,7,0.417,4.56,20,19,1,1,1,0,108.2,83,61,55,20,34,0,114,6,0,2,444,95,4.65,6.9,1.7,2.8,9.4
117,Tanner Houck,27,BOS,AL,6,10,0.375,5.01,21,21,0,0,0,0,106,104,61,59,14,41,0,99,6,0,1,463,91,4.43,8.8,1.2,3.5,8.4
118,Joey Wentz*,25,DET,AL,3,13,0.188,6.9,25,19,0,0,0,0,105.2,131,87,81,25,47,0,98,0,2,2,492,64,5.81,11.2,2.1,4,8.3
119,Steven Matz*,32,STL,NL,4,7,0.364,3.86,25,17,2,0,0,0,105,108,48,45,11,32,0,98,3,2,2,449,113,3.75,9.3,0.9,2.7,8.4
120,Taj Bradley,22,TBR,AL,5,8,0.385,5.59,23,21,0,0,0,0,104.2,106,69,65,23,39,0,129,1,0,6,460,75,4.79,9.1,2,3.4,11.1
121,Michael King,28,NYY,AL,4,8,0.333,2.75,49,9,10,0,0,6,104.2,88,35,32,10,32,1,127,5,1,2,431,158,3.13,7.6,0.9,2.8,10.9
122,Kenta Maeda,35,MIN,AL,6,8,0.429,4.23,21,20,0,0,0,0,104.1,94,50,49,17,28,0,117,3,0,2,428,102,4.02,8.1,1.5,2.4,10.1
123,Reese Olson,23,DET,AL,5,7,0.417,3.99,21,18,0,0,0,0,103.2,83,49,46,14,33,0,103,1,1,4,422,111,4.01,7.2,1.2,2.9,8.9
124,Paul Blackburn,29,OAK,AL,4,7,0.364,4.43,21,20,0,0,0,0,103.2,117,54,51,11,43,1,104,3,0,1,464,92,3.96,10.2,1,3.7,9
125,Tony Gonsolin,29,LAD,NL,8,5,0.615,4.98,20,20,0,0,0,0,103,86,61,57,19,40,1,82,7,0,2,435,87,5.43,7.5,1.7,3.5,7.2
126,Chris Sale*,34,BOS,AL,6,5,0.545,4.3,20,20,0,0,0,0,102.2,87,52,49,15,29,0,125,8,0,3,425,106,3.8,7.6,1.3,2.5,11
127,Chris Flexen,28,TOT,MLB,2,8,0.2,6.86,29,16,9,0,0,0,102.1,133,81,78,25,38,0,74,4,0,6,466,68,6.22,11.7,2.2,3.3,6.5
128,Adam Wainwright,41,STL,NL,5,11,0.313,7.4,21,21,0,0,0,0,101,151,89,83,20,41,0,55,1,0,1,484,59,5.99,13.5,1.8,3.7,4.9
129,Edward Cabrera,25,MIA,NL,7,7,0.5,4.24,22,20,0,0,0,0,99.2,78,48,47,11,66,0,118,4,3,1,434,106,4.43,7,1,6,10.7
130,Anthony DeSclafani,33,SFG,NL,4,8,0.333,4.88,19,18,0,0,0,0,99.2,105,59,54,15,20,0,79,4,0,3,419,87,4.35,9.5,1.4,1.8,7.1
131,Cal Quantrill,28,CLE,AL,4,7,0.364,5.24,19,19,0,0,0,0,99.2,111,59,58,11,35,0,58,7,0,6,444,80,4.79,10,1,3.2,5.2
132,Cristopher Sánchez*,26,PHI,NL,3,5,0.375,3.44,19,18,1,0,0,0,99.1,88,44,38,16,16,0,96,3,0,3,396,125,3.99,8,1.4,1.4,8.7
133,Alex Wood*,32,SFG,NL,5,5,0.5,4.33,29,12,2,0,0,0,97.2,98,52,47,9,42,0,74,8,2,3,429,98,4.47,9,0.8,3.9,6.8
134,Joe Musgrove,30,SDP,NL,10,3,0.769,3.05,17,17,0,0,0,0,97.1,90,35,33,10,21,1,97,9,1,2,399,134,3.52,8.3,0.9,1.9,9
135,Cole Ragans*,25,TOT,AL,7,5,0.583,3.47,29,12,1,0,0,0,96,70,40,37,7,41,1,113,2,0,6,392,128,3.19,6.6,0.7,3.8,10.6
136,James Paxton*,34,BOS,AL,7,5,0.583,4.5,19,19,0,0,0,0,96,93,51,48,18,33,0,101,2,0,5,411,101,4.68,8.7,1.7,3.1,9.5
137,Brandon Pfaadt,24,ARI,NL,3,9,0.25,5.72,19,18,1,0,0,0,96,109,63,61,22,26,0,94,3,0,0,421,76,5.18,10.2,2.1,2.4,8.8
138,Xzavion Curry,24,CLE,AL,3,4,0.429,4.07,41,9,19,0,0,0,95,98,47,43,12,30,1,67,2,2,3,404,102,4.5,9.3,1.1,2.8,6.3
139,Eury Pérez,20,MIA,NL,5,6,0.455,3.15,19,19,0,0,0,0,91.1,72,35,32,15,31,0,108,2,1,6,374,142,4.11,7.1,1.5,3.1,10.6
140,Jhony Brito,25,NYY,AL,9,7,0.563,4.28,25,13,1,0,0,1,90.1,82,47,43,14,28,0,72,4,1,0,372,101,4.74,8.2,1.4,2.8,7.2
141,Zack Littell,27,TOT,AL,3,6,0.333,4.1,28,14,7,0,0,0,90,94,43,41,13,12,1,74,4,0,4,379,102,4.02,9.4,1.3,1.2,7.4
142,Carlos Carrasco,36,NYM,NL,3,8,0.273,6.8,20,20,0,0,0,0,90,115,71,68,18,38,0,66,6,1,3,417,62,5.86,11.5,1.8,3.8,6.6
143,Ryan Yarbrough*,31,TOT,MLB,8,7,0.533,4.52,25,9,6,0,0,2,89.2,96,45,45,13,14,0,67,8,0,1,377,98,4.38,9.6,1.3,1.4,6.7
144,Luis Severino,29,NYY,AL,4,8,0.333,6.65,19,18,0,0,0,0,89.1,113,73,66,23,34,1,79,5,3,1,417,65,6.14,11.4,2.3,3.4,8
145,Jake Bird,27,COL,NL,3,3,0.5,4.33,70,3,8,0,0,0,89.1,94,47,43,6,27,0,77,7,0,2,381,117,3.55,9.5,0.6,2.7,7.8
146,Hayden Wesneski,25,CHC,NL,3,5,0.375,4.63,34,11,6,0,0,0,89.1,82,50,46,20,32,1,83,3,0,2,379,97,5.48,8.3,2,3.2,8.4
147,Tommy Henry*,25,ARI,NL,5,4,0.556,4.15,17,16,0,0,0,0,89,86,42,41,12,35,2,64,4,0,1,381,105,4.88,8.7,1.2,3.5,6.5
148,Ross Stripling,33,SFG,NL,0,5,0,5.36,22,11,5,0,0,0,89,104,54,53,20,16,0,70,2,1,2,381,79,5.21,10.5,2,1.6,7.1
149,Ben Lively,31,CIN,NL,4,7,0.364,5.38,19,12,0,0,0,0,88.2,96,53,53,20,25,0,79,3,0,1,383,85,5.35,9.7,2,2.5,8
150,Noah Syndergaard,30,TOT,MLB,2,6,0.25,6.5,18,18,0,0,0,0,88.2,104,65,64,22,19,0,56,10,0,0,391,66,6.2,10.6,2.2,1.9,5.7
151,Matt Strahm*,31,PHI,NL,9,5,0.643,3.29,56,10,6,0,0,2,87.2,68,34,32,11,21,0,108,3,1,1,351,131,3.24,7,1.1,2.2,11.1
152,Bryan Woo,23,SEA,AL,4,5,0.444,4.21,18,18,0,0,0,0,87.2,75,44,41,13,31,1,93,7,0,1,371,96,4.36,7.7,1.3,3.2,9.5
153,Peter Lambert,26,COL,NL,3,7,0.3,5.36,25,11,1,0,0,0,87.1,93,54,52,18,28,0,71,5,0,1,375,94,5.44,9.6,1.9,2.9,7.3
154,Alek Manoah,25,TOR,AL,3,9,0.25,5.87,19,19,0,0,0,0,87.1,93,61,57,15,59,1,79,9,3,3,415,72,6.01,9.6,1.5,6.1,8.1
155,Connor Seabold,27,COL,NL,1,7,0.125,7.52,27,13,7,0,0,0,87.1,116,76,73,19,28,1,67,7,0,5,408,67,5.75,12,2,2.9,6.9
156,Touki Toussaint,27,TOT,AL,4,7,0.364,4.97,20,16,2,0,0,0,87,69,48,48,10,57,0,85,7,1,3,384,90,5,7.1,1,5.9,8.8
157,Luis Ortiz,24,PIT,NL,5,5,0.5,4.78,18,15,0,0,0,0,86.2,99,50,46,13,48,0,59,2,0,3,400,93,5.57,10.3,1.4,5,6.1
158,Chase Anderson,35,TOT,MLB,1,6,0.143,5.42,19,17,2,0,0,1,86.1,90,53,52,17,33,0,64,7,0,1,372,93,5.72,9.4,1.8,3.4,6.7
159,Jakob Junis,30,SFG,NL,4,3,0.571,3.87,40,4,6,0,0,1,86,90,42,37,12,21,1,96,5,0,5,367,109,3.74,9.4,1.3,2.2,10
160,Tyler Holton*,27,DET,AL,3,2,0.6,2.11,59,1,7,0,0,1,85.1,56,21,20,9,18,1,74,1,0,4,324,210,3.56,5.9,0.9,1.9,7.8
161,Yonny Chirinos,29,TOT,MLB,5,5,0.5,5.4,20,9,1,0,0,0,85,91,53,51,15,27,0,53,5,0,3,367,79,5.43,9.6,1.6,2.9,5.6
162,Tristan Beck,27,SFG,NL,3,3,0.5,3.92,33,3,13,0,0,2,85,83,40,37,10,21,2,68,2,0,3,354,108,4,8.8,1.1,2.2,7.2
163,Jesse Scholtens,29,CHW,AL,1,9,0.1,5.29,26,11,8,0,0,1,85,100,54,50,15,30,1,58,2,0,1,377,84,5.31,10.6,1.6,3.2,6.1
164,Josh Winckowski,25,BOS,AL,4,4,0.5,2.88,60,1,8,0,0,3,84.1,89,34,27,9,31,2,82,3,0,2,367,158,3.91,9.5,1,3.3,8.8
165,Chris Stratton,32,TOT,MLB,2,1,0.667,3.92,64,0,23,0,0,1,82.2,69,39,36,8,25,0,81,2,0,5,338,113,3.53,7.5,0.9,2.7,8.8
166,Jaime Barría,26,LAA,AL,2,6,0.25,5.68,34,6,17,0,0,0,82.1,91,63,52,20,30,6,62,2,1,4,362,79,6.07,9.9,2.2,3.3,6.8
167,Zach Davies,30,ARI,NL,2,5,0.286,7,18,18,0,0,0,0,82.1,98,67,64,10,39,0,72,2,0,0,377,62,4.58,10.7,1.1,4.3,7.9
168,Gavin Williams,23,CLE,AL,3,5,0.375,3.29,16,16,0,0,0,0,82,66,32,30,8,37,1,81,4,0,3,345,127,4.05,7.2,0.9,4.1,8.9
169,Dakota Hudson,28,STL,NL,6,3,0.667,4.98,18,12,1,0,0,0,81.1,88,46,45,9,34,0,45,6,0,5,354,88,5.06,9.7,1,3.8,5
170,Bailey Falter*,26,TOT,NL,2,9,0.182,5.36,18,14,1,0,0,0,80.2,94,55,48,17,20,0,60,0,0,0,347,82,5.25,10.5,1.9,2.2,6.7
171,Tarik Skubal*,26,DET,AL,7,3,0.7,2.8,15,15,0,0,0,0,80.1,58,28,25,4,14,0,102,3,0,1,310,158,2,6.5,0.4,1.6,11.4
172,Michael Tonkin,33,ATL,NL,7,3,0.7,4.28,45,0,11,0,0,1,80,64,41,38,13,23,1,75,2,1,2,325,104,4.43,7.2,1.5,2.6,8.4
173,Brandon Bielak,27,HOU,AL,5,6,0.455,3.83,15,13,0,0,0,0,80,86,43,34,12,36,0,62,5,0,3,353,110,5.19,9.7,1.4,4.1,7
174,Shintaro Fujinami,29,TOT,AL,7,8,0.467,7.18,64,7,19,0,0,2,79,73,65,63,9,45,1,83,7,0,8,357,57,4.61,8.3,1,5.1,9.5
175,Tanner Scott*,28,MIA,NL,9,5,0.643,2.31,74,0,26,0,0,12,78,53,22,20,3,24,3,104,4,0,1,307,195,2.17,6.1,0.3,2.8,12
176,Matt Manning,25,DET,AL,5,4,0.556,3.58,15,15,0,0,0,0,78,60,37,31,11,21,0,50,5,0,0,316,124,4.81,6.9,1.3,2.4,5.8
177,Ty Blach*,32,COL,NL,3,3,0.5,5.54,20,13,2,0,0,0,78,104,51,48,15,24,0,50,6,0,1,352,91,5.63,12,1.7,2.8,5.8
178,Max Fried*,29,ATL,NL,8,1,0.889,2.55,14,14,0,1,1,0,77.2,70,24,22,7,18,0,80,2,0,3,311,174,3.14,8.1,0.8,2.1,9.3
179,Cole Irvin*,29,BAL,AL,1,4,0.2,4.42,24,12,6,0,0,0,77.1,78,42,38,11,21,0,68,7,0,2,336,93,4.43,9.1,1.3,2.4,7.9
180,Kyle Muller*,25,OAK,AL,1,5,0.167,7.6,21,13,1,0,0,0,77,112,65,65,16,39,1,56,3,1,3,372,54,6.14,13.1,1.9,4.6,6.5
181,Bryse Wilson,25,MIL,NL,6,0,1,2.58,53,0,18,0,0,3,76.2,60,26,22,9,22,0,61,2,0,6,314,167,4.13,7,1.1,2.6,7.2
182,Ian Gibaut,29,CIN,NL,8,4,0.667,3.33,74,0,15,0,0,3,75.2,69,33,28,8,28,4,69,4,0,0,318,137,4.07,8.2,1,3.3,8.2
183,Jose Quintana*,34,NYM,NL,3,6,0.333,3.57,13,13,0,0,0,0,75.2,75,33,30,5,24,0,60,1,0,2,319,118,3.52,8.9,0.6,2.9,7.1
184,Justin Lawrence,28,COL,NL,4,7,0.364,3.72,69,0,29,0,0,11,75,65,37,31,5,36,4,78,7,0,3,326,136,3.76,7.8,0.6,4.3,9.4
185,Buck Farmer,32,CIN,NL,4,5,0.444,4.2,71,0,10,0,0,3,75,58,36,35,11,29,0,70,4,0,1,309,109,4.62,7,1.3,3.5,8.4
186,Alec Marsh,25,KCR,AL,3,9,0.25,5.69,17,8,1,0,0,0,74.1,77,50,47,16,39,0,85,9,0,1,342,78,5.7,9.3,1.9,4.7,10.3
187,Tyler Rogers,32,SFG,NL,4,5,0.444,3.04,68,0,8,0,0,2,74,66,27,25,7,19,2,60,3,0,0,309,139,3.76,8,0.9,2.3,7.3
188,Emmanuel Clase,25,CLE,AL,3,9,0.25,3.22,75,0,65,0,0,44,72.2,68,37,26,4,16,2,64,1,1,5,302,130,2.91,8.4,0.5,2,7.9
189,Trevor Richards,30,TOR,AL,2,1,0.667,4.95,56,3,6,0,0,0,72.2,63,41,40,13,35,3,105,2,0,5,315,86,4.22,7.8,1.6,4.3,13
190,Yennier Cano,29,BAL,AL,1,4,0.2,2.11,72,0,20,0,0,8,72.2,60,19,17,4,13,2,65,3,1,2,283,196,2.84,7.4,0.5,1.6,8.1
191,Julian Merryweather,31,CHC,NL,5,1,0.833,3.38,69,0,15,0,0,2,72,58,28,27,8,36,0,98,1,0,3,303,133,3.52,7.3,1,4.5,12.3
192,Bryan Abreu,26,HOU,AL,3,2,0.6,1.75,72,0,16,0,0,5,72,44,17,14,6,31,0,100,3,0,1,287,241,2.98,5.5,0.8,3.9,12.5
193,Garrett Whitlock,27,BOS,AL,5,5,0.5,5.15,22,10,3,0,0,1,71.2,82,43,41,13,13,0,72,3,0,2,304,89,4.27,10.3,1.6,1.6,9
194,Julio Teherán,32,MIL,NL,3,5,0.375,4.4,14,11,1,0,0,0,71.2,68,36,35,13,13,0,50,4,2,1,288,98,4.93,8.5,1.6,1.6,6.3
195,Matthew Boyd*,32,DET,AL,5,5,0.5,5.45,15,15,0,0,0,0,71,69,46,43,11,25,0,73,2,0,2,303,81,4.35,8.7,1.4,3.2,9.3
196,Matt Brash,25,SEA,AL,9,4,0.692,3.06,78,0,7,0,0,4,70.2,65,26,24,3,29,0,107,6,0,11,308,132,2.26,8.3,0.4,3.7,13.6
197,Joel Payamps,29,MIL,NL,7,5,0.583,2.55,69,0,10,0,0,3,70.2,57,24,20,8,17,1,77,5,2,2,287,169,3.48,7.3,1,2.2,9.8
198,Bryan Hoeing,26,MIA,NL,2,3,0.4,5.48,33,7,11,0,0,0,70.2,71,45,43,13,25,2,53,2,0,1,304,82,5.29,9,1.7,3.2,6.8
199,Scott McGough,33,ARI,NL,2,7,0.222,4.73,63,1,24,0,0,9,70.1,60,40,37,14,30,2,86,2,0,3,301,92,4.76,7.7,1.8,3.8,11
200,Carlos Hernández,26,KCR,AL,1,10,0.091,5.27,67,4,15,0,0,4,70,62,43,41,10,31,1,77,1,2,5,300,84,4.28,8,1.3,4,9.9
201,Kyle Finnegan,31,WSN,NL,7,5,0.583,3.76,67,0,46,0,0,28,69.1,66,33,29,11,24,1,63,1,0,0,288,115,4.58,8.6,1.4,3.1,8.2
202,Emilio Pagán,32,MIN,AL,5,2,0.714,2.99,66,1,15,0,0,1,69.1,45,26,23,5,21,2,65,1,0,2,273,144,3.27,5.8,0.6,2.7,8.4
203,Brent Suter*,33,COL,NL,4,3,0.571,3.38,57,2,12,0,0,0,69.1,65,36,26,3,25,0,55,3,0,1,292,150,3.44,8.4,0.4,3.2,7.1
204,Craig Kimbrel,35,PHI,NL,8,6,0.571,3.26,71,0,45,0,0,23,69,44,28,25,10,28,1,94,4,2,4,278,132,3.81,5.7,1.3,3.7,12.3
205,Justin Topa,32,SEA,AL,5,4,0.556,2.61,75,0,14,0,0,3,69,61,26,20,4,18,4,61,3,0,0,279,155,3.15,8,0.5,2.3,8
206,Jason Foley,27,DET,AL,3,3,0.5,2.61,70,0,18,0,0,7,69,65,21,20,2,15,2,55,1,0,2,276,170,2.73,8.5,0.3,2,7.2
207,Michael Grove,26,LAD,NL,2,3,0.4,6.13,18,12,1,0,0,0,69,83,47,47,12,19,0,73,3,0,3,302,71,4.36,10.8,1.6,2.5,9.5
208,Trevor Stephan,27,CLE,AL,7,7,0.5,4.06,71,0,11,0,0,2,68.2,63,35,31,6,26,1,75,5,0,3,294,103,3.56,8.3,0.8,3.4,9.8
209,Héctor Neris,34,HOU,AL,6,3,0.667,1.71,71,0,7,0,0,2,68.1,41,16,13,7,31,0,77,3,0,3,273,246,3.83,5.4,0.9,4.1,10.1
210,Roansy Contreras,23,PIT,NL,3,7,0.3,6.59,19,11,1,0,0,1,68.1,75,50,50,11,32,1,55,1,0,3,302,68,5.19,9.9,1.4,4.2,7.2
211,Louie Varland,25,MIN,AL,4,3,0.571,4.63,17,10,1,0,0,0,68,66,35,35,16,17,0,71,1,0,2,283,93,5.02,8.7,2.1,2.3,9.4
212,Andre Pallante,24,STL,NL,4,1,0.8,4.76,62,0,9,0,0,0,68,76,37,36,6,30,0,43,3,1,6,302,92,4.59,10.1,0.8,4,5.7
213,Scott Barlow,30,TOT,MLB,2,6,0.25,4.37,63,0,32,0,0,13,68,61,39,33,4,34,3,79,5,0,3,299,99,3.42,8.1,0.5,4.5,10.5
214,Camilo Doval,25,SFG,NL,6,6,0.5,2.93,69,0,60,0,0,39,67.2,51,32,22,3,26,6,87,8,3,10,281,145,2.77,6.8,0.4,3.5,11.6
215,Alexis Díaz,26,CIN,NL,9,6,0.6,3.07,71,0,51,0,0,37,67.1,44,30,23,4,36,0,86,10,0,3,286,149,3.52,5.9,0.5,4.8,11.5
216,Eli Morgan,27,CLE,AL,5,2,0.714,4.01,61,0,14,0,0,1,67.1,73,37,30,9,24,1,75,1,1,2,299,104,3.88,9.8,1.2,3.2,10
217,Phil Bickford,27,TOT,NL,5,5,0.5,4.95,61,0,18,0,0,1,67.1,59,41,37,8,39,4,76,4,1,4,304,88,4.46,7.9,1.1,5.2,10.2
218,Brusdar Graterol,24,LAD,NL,4,2,0.667,1.2,68,1,19,0,0,7,67.1,53,14,9,3,12,1,48,2,0,2,257,363,3.03,7.1,0.4,1.6,6.4
219,David Bednar,28,PIT,NL,3,3,0.5,2,66,0,57,0,0,39,67.1,53,22,15,3,21,4,80,3,0,2,277,222,2.53,7.1,0.4,2.8,10.7
220,Rafael Montero,32,HOU,AL,3,3,0.5,5.08,68,0,21,0,0,1,67.1,74,40,38,11,29,0,79,3,0,0,298,83,4.46,9.9,1.5,3.9,10.6
221,Brandon Woodruff,30,MIL,NL,5,1,0.833,2.28,11,11,0,1,1,0,67,40,17,17,9,15,0,74,3,0,0,253,189,3.6,5.4,1.2,2,9.9
222,Kevin Kelly,25,TBR,AL,5,2,0.714,3.09,57,0,4,0,0,1,67,53,27,23,2,15,1,56,10,0,1,276,135,3.09,7.1,0.3,2,7.5
223,Erik Swanson,29,TOR,AL,4,2,0.667,2.97,69,0,13,0,0,4,66.2,52,22,22,8,21,0,75,0,0,0,262,143,3.51,7,1.1,2.8,10.1
224,Kendall Graveman,32,TOT,AL,5,6,0.455,3.12,68,0,26,0,0,8,66.1,51,27,23,9,36,0,66,5,1,3,282,141,4.88,6.9,1.2,4.9,9
225,Zack Thompson*,25,STL,NL,5,7,0.417,4.48,25,9,1,0,0,0,66.1,69,35,33,8,25,0,72,2,0,3,287,97,3.87,9.4,1.1,3.4,9.8
226,Gregory Santos,23,CHW,AL,2,2,0.5,3.39,60,0,17,0,0,5,66.1,69,29,25,2,17,1,66,5,1,2,289,132,2.65,9.4,0.3,2.3,9
227,Alex Lange,27,DET,AL,7,5,0.583,3.68,67,0,45,0,0,26,66,43,30,27,6,45,1,79,6,0,4,288,120,4.36,5.9,0.8,6.1,10.8
228,Phil Maton,30,HOU,AL,4,3,0.571,3,68,0,7,0,0,1,66,49,27,22,6,25,2,74,9,0,1,274,141,3.74,6.7,0.8,3.4,10.1
229,Reynaldo López,29,TOT,AL,3,7,0.3,3.27,68,0,16,0,0,6,66,50,25,24,8,34,2,83,1,1,4,278,137,3.91,6.8,1.1,4.6,11.3
230,Yimi García,32,TOR,AL,3,4,0.429,4.09,73,0,16,0,0,3,66,67,35,30,8,15,1,79,6,0,0,282,104,3.39,9.1,1.1,2,10.8
231,Fernando Cruz,33,CIN,NL,1,2,0.333,4.91,58,2,15,0,0,0,66,52,39,36,6,28,0,98,2,0,5,279,93,2.83,7.1,0.8,3.8,13.4
232,Enyel De Los Santos,27,CLE,AL,5,2,0.714,3.29,70,0,8,0,0,0,65.2,50,26,24,4,25,1,62,4,2,2,262,127,3.48,6.9,0.5,3.4,8.5
233,Jordan Hicks,26,TOT,MLB,3,9,0.25,3.29,65,0,26,0,0,12,65.2,57,30,24,4,32,1,81,4,0,8,285,132,3.22,7.8,0.5,4.4,11.1
234,Kevin Ginkel,29,ARI,NL,9,1,0.9,2.48,60,0,19,0,0,4,65.1,41,24,18,3,23,1,70,2,1,5,254,176,2.86,5.6,0.4,3.2,9.6
235,David Robertson,38,TOT,NL,6,6,0.5,3.03,62,0,36,0,0,18,65.1,53,28,22,7,25,2,78,3,0,5,269,143,3.55,7.3,1,3.4,10.7
236,Griffin Jax,28,MIN,AL,6,10,0.375,3.86,71,0,14,0,0,4,65.1,58,30,28,5,19,1,68,4,0,1,274,112,3.22,8,0.7,2.6,9.4
237,Ryan Pressly,34,HOU,AL,4,5,0.444,3.58,65,0,56,0,0,31,65.1,54,33,26,8,16,0,74,1,0,2,268,118,3.36,7.4,1.1,2.2,10.2
238,José Cuas,29,TOT,MLB,3,2,0.6,3.99,72,2,12,0,0,1,65.1,63,30,29,8,35,0,71,7,0,5,292,112,4.6,8.7,1.1,4.8,9.8
239,Mike Baumann,27,BAL,AL,10,1,0.909,3.76,60,0,15,0,0,0,64.2,52,29,27,7,33,2,61,2,0,7,273,110,4.4,7.2,1,4.6,8.5
240,Miguel Castro,28,ARI,NL,6,6,0.5,4.31,75,0,21,0,0,7,64.2,51,32,31,8,25,3,60,3,0,0,268,101,4.31,7.1,1.1,3.5,8.4
241,A.J. Minter*,29,ATL,NL,3,6,0.333,3.76,70,0,19,0,0,10,64.2,56,28,27,6,21,2,82,0,1,1,260,118,2.9,7.8,0.8,2.9,11.4
242,Alex Faedo,27,DET,AL,2,5,0.286,4.45,15,12,2,0,0,0,64.2,48,35,32,12,20,0,58,1,0,3,262,100,4.85,6.7,1.7,2.8,8.1
243,Carlos Rodón*,30,NYY,AL,3,8,0.273,6.85,14,14,0,0,0,0,64.1,65,51,49,15,28,0,64,4,0,9,286,63,5.79,9.1,2.1,3.9,9
244,Hoby Milner*,32,MIL,NL,2,1,0.667,1.82,73,0,6,0,0,0,64.1,49,16,13,5,13,0,59,2,0,1,252,238,3.13,6.9,0.7,1.8,8.3
245,Mark Leiter Jr.,32,CHC,NL,1,3,0.25,3.5,69,0,12,0,0,4,64.1,48,27,25,7,24,0,77,8,1,2,269,129,3.77,6.7,1,3.4,10.8
246,Adbert Alzolay,28,CHC,NL,2,5,0.286,2.67,58,0,38,0,0,22,64,52,23,19,5,13,0,67,5,2,0,253,168,3.02,7.3,0.7,1.8,9.4
247,Nestor Cortes*,28,NYY,AL,5,2,0.714,4.97,12,12,0,0,0,0,63.1,59,36,35,11,20,0,67,3,0,0,266,87,4.49,8.4,1.6,2.8,9.5
248,Clay Holmes,30,NYY,AL,4,4,0.5,2.86,66,0,41,0,0,24,63,51,22,20,2,23,0,71,3,1,5,262,152,2.65,7.3,0.3,3.3,10.1
249,José Urquidy,28,HOU,AL,3,3,0.5,5.29,16,10,4,0,0,1,63,65,37,37,11,25,0,45,2,1,0,275,80,5.38,9.3,1.6,3.6,6.4
250,Hogan Harris*,26,OAK,AL,3,6,0.333,7.14,14,6,0,0,0,0,63,67,51,50,10,28,0,56,3,0,1,284,57,5.02,9.6,1.4,4,8
251,Pierce Johnson,32,TOT,NL,2,6,0.25,4.02,67,0,28,0,0,13,62.2,63,34,28,10,30,1,90,0,0,4,277,121,3.89,9,1.4,4.3,12.9
252,Carlos Estévez,30,LAA,AL,5,5,0.5,3.9,63,0,49,0,0,31,62.1,62,34,27,7,31,5,78,5,0,1,281,115,3.94,9,1,4.5,11.3
253,Jhoan Durán,25,MIN,AL,3,6,0.333,2.45,59,0,41,0,0,27,62.1,46,25,17,6,25,5,84,4,0,8,255,175,3.21,6.6,0.9,3.6,12.1
254,Sam Moll*,31,TOT,MLB,2,3,0.4,3.03,70,1,13,0,0,1,62.1,47,22,21,2,30,8,68,7,0,4,268,142,3.27,6.8,0.3,4.3,9.8
255,Matthew Liberatore*,23,STL,NL,3,6,0.333,5.25,22,11,3,0,0,0,61.2,66,42,36,5,25,1,46,5,0,4,275,83,4.28,9.6,0.7,3.6,6.7
256,Adam Ottavino,37,NYM,NL,1,7,0.125,3.21,66,0,36,0,0,12,61.2,46,24,22,7,29,3,62,8,3,5,261,132,4.52,6.7,1,4.2,9
257,Ryan Walker,27,SFG,NL,5,3,0.625,3.23,49,13,6,0,0,1,61.1,61,25,22,8,24,0,78,2,0,3,263,131,3.68,9,1.2,3.5,11.4
258,Elvis Peguero,26,MIL,NL,4,5,0.444,3.38,59,0,7,0,0,1,61.1,49,25,23,4,26,1,54,4,0,1,252,128,3.81,7.2,0.6,3.8,7.9
259,Evan Phillips,28,LAD,NL,2,4,0.333,2.05,62,0,36,0,0,24,61.1,38,19,14,6,13,2,66,3,0,1,234,212,3.16,5.6,0.9,1.9,9.7
260,Andre Jackson,27,TOT,NL,1,3,0.25,4.99,19,7,6,0,0,2,61.1,52,34,34,11,22,0,57,2,0,1,257,89,4.9,7.6,1.6,3.2,8.4
261,Félix Bautista,28,BAL,AL,8,2,0.8,1.48,56,0,46,0,0,33,61,30,14,10,4,26,0,110,2,0,7,237,280,1.88,4.4,0.6,3.8,16.2
262,Lucas Sims,29,CIN,NL,7,3,0.7,3.1,67,0,5,0,0,3,61,33,23,21,5,39,1,72,10,1,3,258,148,4.37,4.9,0.7,5.8,10.6
263,Drew VerHagen,32,STL,NL,5,1,0.833,3.98,60,0,15,0,0,0,61,52,30,27,9,26,2,60,9,1,3,268,110,4.93,7.7,1.3,3.8,8.9
264,James Kaprielian,29,OAK,AL,2,6,0.25,6.34,14,11,0,0,0,0,61,66,45,43,9,31,1,57,5,0,3,280,64,5.07,9.7,1.3,4.6,8.4
265,Tanner Banks*,31,CHW,AL,1,4,0.2,4.43,32,3,9,0,0,1,61,59,32,30,10,16,1,51,4,0,1,255,101,4.7,8.7,1.5,2.4,7.5
266,Colin Poche*,29,TBR,AL,12,3,0.8,2.23,66,0,6,0,0,1,60.2,42,17,15,4,24,1,61,1,0,3,246,188,3.34,6.2,0.6,3.6,9
267,Hunter Harvey,28,WSN,NL,4,4,0.5,2.82,57,0,20,0,0,10,60.2,44,21,19,7,13,1,67,2,1,2,235,153,3.29,6.5,1,1.9,9.9
268,Paul Sewald,33,TOT,MLB,3,2,0.6,3.12,65,0,47,0,0,34,60.2,46,23,21,8,24,1,80,1,0,1,249,134,3.57,6.8,1.2,3.6,11.9
269,Kirby Yates,36,ATL,NL,7,2,0.778,3.28,61,0,16,0,0,5,60.1,35,22,22,9,37,1,80,5,1,5,254,136,4.63,5.2,1.3,5.5,11.9
270,Caleb Ferguson*,26,LAD,NL,7,4,0.636,3.43,68,7,9,0,0,3,60.1,64,30,23,4,23,0,70,8,0,3,270,127,3.34,9.5,0.6,3.4,10.4
271,Emmet Sheehan,23,LAD,NL,4,1,0.8,4.92,13,11,1,0,0,1,60.1,46,33,33,11,26,0,64,1,0,1,248,89,4.85,6.9,1.6,3.9,9.5
272,Gregory Soto*,28,PHI,NL,3,4,0.429,4.62,69,0,13,0,0,3,60.1,47,34,31,6,22,0,65,2,0,5,250,93,3.59,7,0.9,3.3,9.7
273,Erasmo Ramírez,33,TOT,MLB,3,3,0.5,6.41,38,2,10,0,0,0,60.1,82,47,43,11,13,0,43,4,1,2,274,67,5.05,12.2,1.6,1.9,6.4
274,Nick Sandlin,26,CLE,AL,5,5,0.5,3.75,61,0,7,0,0,0,60,38,28,25,12,24,1,66,2,0,0,239,111,4.96,5.7,1.8,3.6,9.9
275,Brock Burke*,26,TEX,AL,5,3,0.625,4.37,53,0,9,0,0,0,59.2,64,32,29,13,9,4,52,2,0,2,250,102,4.9,9.7,2,1.4,7.8
276,Ryan Brasier,35,TOT,MLB,3,0,1,3.02,59,0,15,0,0,2,59.2,42,24,20,3,19,1,56,3,0,3,238,148,3.14,6.3,0.5,2.9,8.4
277,Luis García,36,SDP,NL,2,3,0.4,4.07,61,0,26,0,0,0,59.2,59,30,27,6,24,1,53,6,0,4,267,101,4.29,8.9,0.9,3.6,8
278,José Cisnero,34,DET,AL,3,4,0.429,5.31,63,0,18,0,0,2,59.1,63,39,35,10,25,2,70,5,0,9,267,84,4.6,9.6,1.5,3.8,10.6
279,Jorge López,30,TOT,MLB,6,2,0.75,5.95,61,0,15,0,0,3,59,67,42,39,12,22,3,49,8,0,5,266,73,5.76,10.2,1.8,3.4,7.5
280,Jordan Romano,30,TOR,AL,5,7,0.417,2.9,59,0,49,0,0,36,59,48,20,19,6,24,5,72,2,1,0,248,147,3.46,7.3,0.9,3.7,11
281,Taylor Clarke,30,KCR,AL,3,6,0.333,5.95,58,2,11,0,0,3,59,71,42,39,12,24,1,65,3,0,3,266,75,5.07,10.8,1.8,3.7,9.9
282,Albert Abreu,27,NYY,AL,2,2,0.5,4.73,45,0,19,0,0,0,59,52,39,31,9,35,1,61,6,0,5,268,92,5.26,7.9,1.4,5.3,9.3
283,Devin Williams,28,MIL,NL,8,3,0.727,1.53,61,0,49,0,0,36,58.2,26,13,10,4,28,1,87,1,0,1,231,282,2.66,4,0.6,4.3,13.3
284,Huascar Brazobán,33,MIA,NL,5,2,0.714,4.14,50,0,7,0,0,0,58.2,53,28,27,5,31,2,65,4,0,3,257,109,3.94,8.1,0.8,4.8,10
285,Collin McHugh,36,ATL,NL,4,1,0.8,4.3,41,1,6,0,0,0,58.2,70,34,28,5,22,1,47,4,0,0,268,104,4.09,10.7,0.8,3.4,7.2
286,Steven Okert*,31,MIA,NL,3,2,0.6,4.45,64,2,10,0,0,0,58.2,50,31,29,9,24,0,73,2,1,1,247,101,4.09,7.7,1.4,3.7,11.2
287,Aroldis Chapman*,35,TOT,AL,6,5,0.545,3.09,61,0,18,0,0,6,58.1,37,24,20,4,36,2,103,1,2,9,249,145,2.52,5.7,0.6,5.6,15.9
288,Aaron Bummer*,29,CHW,AL,5,5,0.5,6.79,61,0,8,0,0,0,58.1,53,45,44,4,36,3,78,5,0,6,267,66,3.58,8.2,0.6,5.6,12
289,Dauri Moreta,27,PIT,NL,5,2,0.714,3.72,55,0,11,0,0,1,58,39,26,24,4,24,1,76,3,0,3,239,120,2.93,6.1,0.6,3.7,11.8
290,Ian Hamilton,28,NYY,AL,3,2,0.6,2.64,39,3,6,0,0,2,58,45,19,17,2,26,1,69,3,0,1,239,165,2.82,7,0.3,4,10.7
291,Trevor Gott,30,TOT,MLB,0,5,0,4.19,64,0,13,0,0,1,58,63,34,27,4,19,3,62,4,0,0,261,99,3.2,9.8,0.6,2.9,9.6
292,Ryan Weathers*,23,TOT,NL,1,8,0.111,6.55,15,12,0,0,0,0,57.2,68,44,42,12,29,0,43,1,0,1,257,64,6.03,10.6,1.9,4.5,6.7
293,Andrew Nardi*,24,MIA,NL,8,1,0.889,2.67,63,0,10,0,0,3,57.1,45,18,17,7,21,2,73,4,0,0,237,169,3.6,7.1,1.1,3.3,11.5
294,Will Smith*,33,TEX,AL,2,7,0.222,4.4,60,0,41,0,0,22,57.1,44,31,28,5,17,4,55,0,0,1,226,102,3.36,6.9,0.8,2.7,8.6
295,Michael Fulmer,30,CHC,NL,3,5,0.375,4.42,58,1,14,0,0,2,57,48,29,28,7,28,0,65,2,0,5,237,102,4.15,7.6,1.1,4.4,10.3
296,José Leclerc,29,TEX,AL,0,2,0,2.68,57,0,24,0,0,4,57,37,19,17,5,28,2,67,2,0,2,233,167,3.62,5.8,0.8,4.4,10.6
297,A.J. Puk*,28,MIA,NL,7,5,0.583,3.97,58,0,31,0,0,15,56.2,54,29,25,10,13,2,78,2,0,1,242,113,3.59,8.6,1.6,2.1,12.4
298,Dylan Floro,32,TOT,MLB,5,6,0.455,4.76,62,0,18,0,0,7,56.2,70,34,30,3,17,3,58,3,0,1,248,94,2.96,11.1,0.5,2.7,9.2
299,Jake Diekman*,36,TOT,AL,0,2,0,3.34,63,0,22,0,0,0,56.2,37,29,21,3,38,1,64,1,2,3,243,128,3.75,5.9,0.5,6,10.2
300,Drew Smith,29,NYM,NL,4,6,0.4,4.15,62,0,16,0,0,3,56.1,50,31,26,7,29,0,60,5,0,2,244,102,4.55,8,1.1,4.6,9.6
301,Josh Hader*,29,SDP,NL,2,3,0.4,1.28,61,0,52,0,0,33,56.1,32,11,8,3,30,2,85,3,0,3,231,321,2.69,5.1,0.5,4.8,13.6
302,Joe Jiménez,28,ATL,NL,0,3,0,3.04,59,0,16,0,0,0,56.1,51,22,19,9,14,0,73,2,0,0,238,147,3.59,8.1,1.4,2.2,11.7
303,Kyle Nelson*,26,ARI,NL,7,4,0.636,4.18,68,2,8,0,0,0,56,59,30,26,12,14,1,67,1,0,1,239,105,4.45,9.5,1.9,2.3,10.8
304,Cody Bradford*,25,TEX,AL,4,3,0.571,5.3,20,8,5,0,0,0,56,56,33,33,11,12,0,51,1,0,0,234,84,4.68,9,1.8,1.9,8.2
305,Mason Englert,23,DET,AL,4,3,0.571,5.46,31,1,7,0,0,0,56,67,39,34,12,17,0,41,2,0,2,253,81,5.59,10.8,1.9,2.7,6.6
306,Colin Holderman,27,PIT,NL,0,3,0,3.86,58,0,8,0,0,2,56,55,25,24,4,20,2,58,2,0,3,240,115,3.29,8.8,0.6,3.2,9.3
307,Raisel Iglesias,33,ATL,NL,5,4,0.556,2.75,58,0,50,0,0,33,55.2,51,23,17,7,15,2,68,0,0,0,231,162,3.26,8.2,1.1,2.4,11
308,Génesis Cabrera*,26,TOT,MLB,2,1,0.667,4.04,61,0,12,0,0,0,55.2,49,28,25,8,24,3,58,2,1,1,239,108,4.44,7.9,1.3,3.9,9.4
309,Derek Law,32,CIN,NL,4,6,0.4,3.6,54,3,13,0,0,2,55,50,24,22,6,26,0,45,3,0,5,240,127,4.62,8.2,1,4.3,7.4
310,Lucas Erceg,28,OAK,AL,4,4,0.5,4.75,50,0,4,0,0,0,55,51,33,29,1,36,1,68,6,0,5,251,86,3.31,8.3,0.2,5.9,11.1
311,Corey Kluber,37,BOS,AL,3,6,0.333,7.04,15,9,1,0,0,1,55,69,47,43,17,21,0,42,4,0,1,257,65,7.11,11.3,2.8,3.4,6.9
312,Giovanny Gallegos,31,STL,NL,2,4,0.333,4.42,56,0,16,0,0,10,55,54,28,27,11,12,0,59,0,1,3,229,99,4.36,8.8,1.8,2,9.7
313,Adrián Martinez,26,OAK,AL,0,2,0,4.75,22,1,7,0,0,0,55,59,31,29,8,19,0,47,5,0,4,241,86,4.75,9.7,1.3,3.1,7.7
314,Jordan Weems,30,WSN,NL,5,1,0.833,3.62,51,0,7,0,0,0,54.2,38,25,22,9,28,5,60,3,0,0,232,119,4.9,6.3,1.5,4.6,9.9
315,Gabe Speier*,28,SEA,AL,2,2,0.5,3.79,69,0,8,0,0,1,54.2,47,24,23,7,11,4,64,3,0,2,216,107,3.35,7.7,1.2,1.8,10.5
316,Brooks Raley*,35,NYM,NL,1,2,0.333,2.8,66,0,11,0,0,3,54.2,44,19,17,4,25,3,61,6,0,0,236,151,3.68,7.2,0.7,4.1,10
317,Jason Adam,31,TBR,AL,4,2,0.667,2.98,56,0,22,0,0,12,54.1,35,21,18,7,20,0,69,9,0,2,222,140,3.99,5.8,1.2,3.3,11.4
318,Wandy Peralta*,31,NYY,AL,4,2,0.667,2.83,63,0,11,0,0,4,54,36,19,17,7,30,0,51,6,3,1,227,154,5.05,6,1.2,5,8.5
319,Mason Thompson,25,WSN,NL,4,4,0.5,5.5,51,0,5,0,0,1,54,62,35,33,4,22,0,44,4,0,4,240,79,4.03,10.3,0.7,3.7,7.3
320,Dominic Leone,31,TOT,MLB,1,3,0.25,4.67,51,0,16,0,0,1,54,49,28,28,14,28,3,54,2,0,4,235,92,6.29,8.2,2.3,4.7,9
321,Brad Hand*,33,TOT,NL,5,3,0.625,5.53,60,0,15,0,0,1,53.2,54,33,33,6,22,3,59,5,0,3,236,88,4.02,9.1,1,3.7,9.9
322,Alex Young*,29,CIN,NL,4,2,0.667,3.86,63,0,6,0,0,1,53.2,53,27,23,10,20,0,50,1,0,0,236,119,4.99,8.9,1.7,3.4,8.4
323,Jacob Webb,29,TOT,AL,1,1,0.5,3.69,54,0,8,0,0,1,53.2,39,22,22,6,30,3,57,4,0,1,232,118,4.48,6.5,1,5,9.6
324,Cionel Pérez*,27,BAL,AL,4,2,0.667,3.54,65,0,13,0,0,3,53.1,56,30,21,2,27,3,44,4,1,0,247,117,3.84,9.5,0.3,4.6,7.4
325,Tim Mayza*,31,TOR,AL,3,1,0.75,1.52,69,0,8,0,0,1,53.1,50,10,9,2,15,3,53,0,0,1,215,281,2.6,8.4,0.3,2.5,8.9
326,Steven Wilson,28,SDP,NL,1,2,0.333,3.91,52,0,4,0,0,0,53,35,23,23,7,27,1,57,3,0,0,219,105,4.52,5.9,1.2,4.6,9.7
327,Matt Moore*,34,TOT,MLB,5,1,0.833,2.56,50,0,4,0,0,0,52.2,46,16,15,7,15,3,60,3,0,1,218,176,3.73,7.9,1.2,2.6,10.3
328,Jared Shuster*,24,ATL,NL,4,3,0.571,5.81,11,11,0,0,0,0,52.2,53,34,34,7,26,0,30,1,0,3,230,77,5.38,9.1,1.2,4.4,5.1
329,Josh Sborz,29,TEX,AL,6,7,0.462,5.5,44,0,7,0,0,0,52.1,43,33,32,8,17,0,66,1,0,3,215,81,3.75,7.4,1.4,2.9,11.4
330,Jeff Hoffman,30,PHI,NL,5,2,0.714,2.41,54,0,13,0,0,1,52.1,29,16,14,3,19,1,69,2,0,4,208,180,2.57,5,0.5,3.3,11.9
331,Chase Silseth,23,LAA,AL,4,1,0.8,3.96,16,8,3,0,0,0,52.1,41,26,23,9,26,0,56,2,1,5,221,113,4.96,7.1,1.5,4.5,9.6
332,Robert Stephenson,30,TOT,MLB,3,4,0.429,3.1,60,0,15,0,0,1,52.1,30,20,18,8,16,2,77,0,0,4,201,138,3.22,5.2,1.4,2.8,13.2
333,Sam Hentges*,26,CLE,AL,3,2,0.6,3.61,56,0,9,0,0,0,52.1,53,24,21,2,18,0,56,0,0,3,223,116,2.64,9.1,0.3,3.1,9.6
334,Daniel Lynch IV*,26,KCR,AL,3,4,0.429,4.64,9,9,0,0,0,0,52.1,50,29,27,9,16,0,34,1,1,1,223,96,5.17,8.6,1.5,2.8,5.8
335,Brent Honeywell Jr.,28,TOT,MLB,2,4,0.333,4.82,40,0,10,0,0,0,52.1,53,29,28,10,23,0,45,5,1,3,234,87,5.62,9.1,1.7,4,7.7
336,Johnny Cueto,37,MIA,NL,1,4,0.2,6.02,13,10,1,0,0,0,52.1,51,36,35,17,15,0,39,3,0,0,218,75,7.02,8.8,2.9,2.6,6.7
337,Hyun Jin Ryu*,36,TOR,AL,3,3,0.5,3.46,11,11,0,0,0,0,52,53,25,20,9,14,0,38,1,0,1,224,123,4.91,9.2,1.6,2.4,6.6
338,Ronel Blanco,29,HOU,AL,2,1,0.667,4.5,17,7,8,0,0,0,52,49,29,26,12,28,0,52,2,0,2,226,94,5.99,8.5,2.1,4.8,9
339,Shawn Armstrong,32,TBR,AL,1,0,1,1.38,39,6,5,0,0,0,52,36,12,8,2,11,0,54,4,0,0,207,302,2.54,6.2,0.3,1.9,9.3
340,George Soriano,24,MIA,NL,0,0,,3.81,26,1,4,0,0,1,52,46,26,22,6,23,1,52,5,1,0,228,118,4.37,8,1,4,9
341,Taylor Rogers*,32,SFG,NL,6,4,0.6,3.83,60,0,12,0,0,2,51.2,39,27,22,6,25,3,64,3,0,3,216,111,3.91,6.8,1,4.4,11.1
342,Josh Fleming*,27,TBR,AL,2,0,1,4.7,12,3,2,0,0,0,51.2,56,29,27,9,19,2,25,0,0,2,221,89,5.66,9.8,1.6,3.3,4.4
343,Joan Adon,24,WSN,NL,2,4,0.333,6.45,12,10,2,0,0,0,51.2,60,37,37,8,24,3,48,3,0,6,240,67,4.98,10.5,1.4,4.2,8.4
344,Danny Coulombe*,33,BAL,AL,5,3,0.625,2.81,61,0,9,0,0,2,51.1,45,17,16,4,12,0,58,2,2,2,210,148,2.83,7.9,0.7,2.1,10.2
345,Chris Martin,37,BOS,AL,4,1,0.8,1.05,55,0,12,0,0,3,51.1,45,6,6,2,8,3,46,0,0,1,199,434,2.44,7.9,0.4,1.4,8.1
346,Andrew Chafin*,33,TOT,NL,3,4,0.429,4.73,63,0,19,0,0,8,51.1,45,30,27,6,28,0,63,1,0,2,224,93,4.01,7.9,1.1,4.9,11
347,Tom Cosgrove*,27,SDP,NL,1,2,0.333,1.75,54,0,16,0,0,1,51.1,31,12,10,3,19,1,44,5,0,1,205,234,3.7,5.4,0.5,3.3,7.7
348,Tucker Davidson*,27,TOT,AL,1,2,0.333,5.96,38,1,14,0,0,2,51.1,64,37,34,6,19,2,46,3,0,4,236,75,4.27,11.2,1.1,3.3,8.1
349,Ryne Stanek,31,HOU,AL,3,1,0.75,4.09,55,0,15,0,0,0,50.2,42,24,23,8,21,1,51,1,1,2,213,103,4.6,7.5,1.4,3.7,9.1
350,Brennan Bernardino*,31,BOS,AL,2,1,0.667,3.2,55,6,8,0,0,0,50.2,48,19,18,4,18,1,58,6,0,3,216,143,3.41,8.5,0.7,3.2,10.3
351,Keynan Middleton,29,TOT,AL,2,2,0.5,3.38,51,0,11,0,0,2,50.2,40,20,19,8,23,0,64,1,0,2,212,133,4.2,7.1,1.4,4.1,11.4
352,Osvaldo Bido,27,PIT,NL,2,5,0.286,5.86,16,9,2,0,0,0,50.2,55,35,33,4,21,0,48,8,0,1,236,76,4.1,9.8,0.7,3.7,8.5
353,Jose Hernandez*,25,PIT,NL,1,3,0.25,4.97,50,0,12,0,0,0,50.2,47,30,28,9,22,3,62,1,2,5,223,90,4.48,8.3,1.6,3.9,11
354,Pedro Avila,26,SDP,NL,2,2,0.5,3.22,14,6,2,0,0,0,50.1,43,23,18,3,25,0,54,5,1,5,220,128,3.67,7.7,0.5,4.5,9.7
355,Seranthony Domínguez,28,PHI,NL,5,5,0.5,3.78,57,0,7,0,0,2,50,48,25,21,7,22,0,48,6,1,1,224,114,4.84,8.6,1.3,4,8.6
356,Marco Gonzales*,31,SEA,AL,4,1,0.8,5.22,10,10,0,0,0,0,50,55,32,29,5,18,0,34,0,0,0,215,78,4.28,9.9,0.9,3.2,6.1
357,Andrés Machado,30,WSN,NL,4,1,0.8,5.22,44,0,8,0,0,0,50,53,29,29,12,13,2,43,1,1,1,207,83,5.5,9.5,2.2,2.3,7.7
358,Quinn Priester,22,PIT,NL,3,3,0.5,7.74,10,8,0,0,0,0,50,58,43,43,12,27,0,36,3,0,5,234,58,6.74,10.4,2.2,4.9,6.5