Name,Age,PA,Tm,HR%,SO%,BB%,XBH%,X/H%,SO,BA,OBP,BAbip
Marcus Semien,32,753,TEX,0.0390,0.1460,0.0960,0.0970,0.4000,110,0.276,0.348,0.291
Ronald Acuna Jr.,25,735,ATL,0.0560,0.1140,0.1090,0.1090,0.3700,84,0.337,0.416,0.338
Freddie Freeman,33,730,LAD,0.0400,0.1660,0.0990,0.1230,0.4300,121,0.331,0.41,0.37
Alex Bregman,29,724,HOU,0.0350,0.1200,0.1270,0.0790,0.3500,87,0.262,0.363,0.27
Nathaniel Lowe,27,724,TEX,0.0240,0.2280,0.1290,0.0800,0.3600,165,0.262,0.36,0.329
Matt Olson,29,720,ATL,0.0750,0.2320,0.1440,0.1170,0.4900,167,0.283,0.389,0.302
Kyle Schwarber,30,720,PHI,0.0650,0.2990,0.1750,0.0930,0.5800,215,0.197,0.343,0.209
Steven Kwan,25,718,CLE,0.0070,0.1050,0.0980,0.0670,0.2800,75,0.268,0.34,0.294
Austin Riley,26,715,ATL,0.0520,0.2410,0.0830,0.1010,0.4000,172,0.281,0.345,0.324
Julio Rodriguez,22,714,SEA,0.0450,0.2450,0.0660,0.0990,0.3900,175,0.275,0.333,0.33
Juan Soto,24,708,SDP,0.0490,0.1820,0.1860,0.0960,0.4400,129,0.275,0.41,0.296
Eugenio Suarez,31,694,SEA,0.0320,0.3080,0.1010,0.0740,0.3700,214,0.232,0.323,0.314
Bobby Witt Jr.,23,694,KCR,0.0430,0.1740,0.0580,0.0990,0.3900,121,0.276,0.319,0.295
Mookie Betts,30,693,LAD,0.0560,0.1540,0.1390,0.1150,0.4500,107,0.307,0.408,0.316
Ian Happ,28,691,CHC,0.0300,0.2210,0.1430,0.0870,0.4200,153,0.248,0.36,0.299
Jose Ramirez,30,691,CLE,0.0350,0.1060,0.1060,0.0940,0.3800,73,0.282,0.356,0.285
Trea Turner,30,691,PHI,0.0380,0.2170,0.0650,0.0960,0.3900,150,0.266,0.32,0.31
Nico Hoerner,26,688,CHC,0.0130,0.1210,0.0710,0.0580,0.2300,83,0.283,0.346,0.312
Paul Goldschmidt,35,687,STL,0.0360,0.2340,0.1270,0.0820,0.3500,161,0.268,0.363,0.327
Francisco Lindor,29,687,NYM,0.0450,0.1990,0.0960,0.0960,0.4300,137,0.254,0.336,0.277
Adley Rutschman,25,687,BAL,0.0290,0.1470,0.1340,0.0760,0.3200,101,0.277,0.374,0.303
Spencer Torkelson,23,684,DET,0.0450,0.2500,0.0980,0.0970,0.4700,171,0.233,0.313,0.269
George Springer,33,683,TOR,0.0310,0.1830,0.0880,0.0690,0.3000,125,0.258,0.327,0.291
Vladimir Guerrero Jr.,24,682,TOR,0.0380,0.1470,0.0980,0.0820,0.3500,100,0.264,0.345,0.277
Brandon Nimmo,30,682,NYM,0.0350,0.2140,0.1090,0.0880,0.3700,146,0.274,0.363,0.324
Lane Thomas,27,682,WSN,0.0410,0.2580,0.0530,0.0980,0.4000,176,0.268,0.315,0.325
Teoscar Hernandez,30,678,SEA,0.0380,0.3110,0.0560,0.0840,0.3500,211,0.258,0.305,0.342
Kyle Tucker,26,674,HOU,0.0430,0.1370,0.1190,0.1050,0.4400,92,0.284,0.369,0.289
Gleyber Torres,26,672,NYY,0.0370,0.1460,0.1000,0.0820,0.3400,98,0.273,0.347,0.288
Nick Castellanos,31,671,PHI,0.0430,0.2760,0.0540,0.1010,0.4000,185,0.272,0.311,0.337
Xander Bogaerts,30,665,SDP,0.0290,0.1650,0.0840,0.0780,0.3100,110,0.285,0.35,0.319
Ty France,28,665,SEA,0.0180,0.1760,0.0650,0.0660,0.3000,117,0.25,0.337,0.294
Spencer Steer,25,665,CIN,0.0350,0.2090,0.1020,0.0950,0.4000,139,0.271,0.356,0.318
Christian Walker,32,661,ARI,0.0500,0.1920,0.0940,0.1070,0.4700,127,0.258,0.333,0.272
Ozzie Albies,26,660,ATL,0.0500,0.1620,0.0700,0.1030,0.4100,107,0.28,0.336,0.289
Pete Alonso,28,658,NYM,0.0700,0.2300,0.0990,0.1050,0.5600,151,0.217,0.318,0.205
Joey Meneses,31,657,WSN,0.0200,0.1980,0.0580,0.0760,0.3000,130,0.275,0.321,0.329
Rafael Devers,26,656,BOS,0.0500,0.1920,0.0950,0.1020,0.4300,126,0.271,0.351,0.292
Anthony Santander,28,656,BAL,0.0430,0.2320,0.0840,0.1070,0.4600,152,0.257,0.325,0.299
Randy Arozarena,28,654,TBR,0.0350,0.2390,0.1220,0.0690,0.3200,156,0.254,0.364,0.31
Ketel Marte,29,650,ARI,0.0390,0.1680,0.1090,0.0920,0.3800,109,0.276,0.358,0.3
Jeff McNeil,31,648,NYM,0.0150,0.1000,0.0600,0.0600,0.2500,65,0.27,0.333,0.288
Corbin Carroll,22,645,ARI,0.0390,0.1940,0.0880,0.1010,0.4000,125,0.285,0.362,0.325
Bryan Reynolds,28,640,PIT,0.0380,0.2160,0.0830,0.0940,0.4000,138,0.263,0.33,0.304
Bryson Stott,25,640,PHI,0.0230,0.1560,0.0610,0.0770,0.3000,100,0.28,0.329,0.312
Willy Adames,27,638,MIL,0.0380,0.2590,0.1110,0.0860,0.4600,165,0.217,0.31,0.259
J.P. Crawford,28,638,SEA,0.0300,0.1960,0.1470,0.0850,0.3800,125,0.266,0.38,0.314
Dansby Swanson,29,638,CHC,0.0350,0.2410,0.1030,0.0780,0.3600,154,0.244,0.328,0.297
Fernando Tatis Jr.,24,635,SDP,0.0390,0.2220,0.0840,0.0930,0.4000,141,0.257,0.322,0.299
Jeremy Pena,25,634,HOU,0.0160,0.2040,0.0680,0.0710,0.3000,129,0.263,0.324,0.323
Adolis García,30,632,TEX,0.0620,0.2770,0.1030,0.1080,0.5000,175,0.245,0.328,0.28
Christian Yelich,31,632,MIL,0.0300,0.2220,0.1230,0.0850,0.3500,140,0.278,0.37,0.342
Ryan McMahon,28,627,COL,0.0370,0.3160,0.1090,0.0910,0.4300,198,0.24,0.322,0.326
Bryan De La Cruz,26,626,MIA,0.0300,0.2270,0.0640,0.0820,0.3400,142,0.257,0.304,0.307
Ha-Seong Kim,27,626,SDP,0.0270,0.1980,0.1200,0.0640,0.2900,124,0.26,0.351,0.306
Justin Turner,38,626,BOS,0.0370,0.1760,0.0820,0.0860,0.3500,110,0.276,0.345,0.304
Gunnar Henderson,22,622,BAL,0.0450,0.2560,0.0900,0.1060,0.4600,159,0.255,0.325,0.306
Andrew Benintendi,28,621,CHW,0.0080,0.1430,0.0840,0.0660,0.2800,89,0.262,0.326,0.301
Carlos Santana,37,619,TOT,0.0370,0.1680,0.1050,0.0920,0.4300,104,0.24,0.318,0.255
Luis Arráez,26,617,MIA,0.0160,0.0550,0.0570,0.0700,0.2100,34,0.354,0.393,0.362
Josh Bell,30,617,TOT,0.0360,0.2170,0.1020,0.0810,0.3700,134,0.247,0.325,0.287
Andrés Gimenez,24,616,CLE,0.0240,0.1820,0.0520,0.0760,0.3400,112,0.251,0.314,0.289
Ezequiel Tovar,21,615,COL,0.0240,0.2700,0.0410,0.0910,0.3800,166,0.253,0.287,0.328
Andrew Vaughn,25,615,CHW,0.0340,0.2100,0.0590,0.0860,0.3600,129,0.258,0.314,0.299
CJ Abrams,22,614,WSN,0.0290,0.1920,0.0520,0.0850,0.3800,118,0.245,0.3,0.279
Nolan Arenado,32,612,STL,0.0430,0.1650,0.0670,0.0880,0.3600,101,0.266,0.315,0.279
Alec Bohm,26,611,PHI,0.0330,0.1540,0.0690,0.0840,0.3300,94,0.274,0.327,0.296
William Contreras,25,611,MIL,0.0280,0.2060,0.1030,0.0920,0.3600,126,0.289,0.367,0.348
MJ Melendez,24,602,KCR,0.0270,0.2820,0.1030,0.0830,0.4000,170,0.235,0.316,0.311
Alex Verdugo,27,602,BOS,0.0220,0.1550,0.0750,0.0910,0.3800,93,0.264,0.324,0.294
Bo Bichette,25,601,TOR,0.0330,0.1910,0.0450,0.0880,0.3000,115,0.306,0.339,0.355
Manny Machado,30,601,SDP,0.0500,0.1810,0.0830,0.0850,0.3600,109,0.258,0.319,0.268
Anthony Volpe,22,601,NYY,0.0350,0.2780,0.0870,0.0800,0.4300,167,0.209,0.283,0.259
Yandy Díaz,31,600,TBR,0.0370,0.1570,0.1080,0.0950,0.3300,94,0.33,0.41,0.367
Shohei Ohtani,28,599,LAA,0.0740,0.2390,0.1520,0.1300,0.5200,137,0.247,0.319,0.342
Luis Robert Jr.,25,595,CHW,0.0640,0.2890,0.0500,0.1260,0.5200,143,0.304,0.412,0.314
José Abreu,36,594,HOU,0.0300,0.2190,0.0710,0.0710,0.3300,172,0.264,0.315,0.276
Lourdes Gurriel Jr.,29,592,ARI,0.0410,0.1740,0.0560,0.1030,0.4200,130,0.237,0.296,0.282
Whit Merrifield,34,592,TOR,0.0190,0.1710,0.0610,0.0640,0.2600,103,0.261,0.309,0.313
Marcell Ozuna,32,592,ATL,0.0680,0.2260,0.0960,0.1180,0.4800,101,0.272,0.318,0.293
Dominic Smith,28,586,WSN,0.0210,0.1550,0.0800,0.0580,0.2500,134,0.274,0.346,0.286
Seiya Suzuki,28,583,CHC,0.0340,0.2230,0.1010,0.0980,0.3900,91,0.254,0.326,0.341
Matt Chapman,30,581,TOR,0.0290,0.2840,0.1070,0.1000,0.4800,130,0.285,0.357,0.319
Daulton Varsho,26,581,TOR,0.0340,0.2320,0.0780,0.0790,0.4000,165,0.24,0.33,0.256
Carlos Correa,28,580,MIN,0.0310,0.2260,0.1020,0.0850,0.4200,135,0.22,0.285,0.272
Salvador Perez,33,580,KCR,0.0400,0.2330,0.0330,0.0760,0.3200,131,0.23,0.312,0.294
Jorge Soler,31,580,MIA,0.0620,0.2430,0.1140,0.1030,0.4800,135,0.255,0.292,0.272
Masataka Yoshida,29,580,BOS,0.0260,0.1400,0.0590,0.0880,0.3300,141,0.25,0.341,0.316
Max Muncy,32,579,LAD,0.0620,0.2640,0.1470,0.0930,0.5300,81,0.289,0.338,0.221
Jeimer Candelario,29,576,TOT,0.0380,0.2210,0.0920,0.1110,0.5000,153,0.212,0.333,0.292
Isaac Paredes,24,571,TBR,0.0540,0.1820,0.1020,0.0960,0.4500,127,0.251,0.336,0.257
Cal Raleigh,26,569,SEA,0.0530,0.2780,0.0950,0.0950,0.4500,104,0.25,0.352,0.273
James Outman,26,567,LAD,0.0410,0.3190,0.1200,0.0740,0.3500,158,0.232,0.306,0.343
Austin Hays,27,566,BAL,0.0280,0.2490,0.0670,0.0950,0.3800,181,0.248,0.353,0.345
DJ LeMahieu,34,562,NYY,0.0270,0.2220,0.1070,0.0710,0.3300,141,0.275,0.325,0.295
Keibert Ruiz,24,562,WSN,0.0320,0.1030,0.0550,0.0750,0.3100,125,0.243,0.327,0.263
Cody Bellinger,27,556,CHC,0.0470,0.1570,0.0720,0.1010,0.3700,58,0.26,0.308,0.319
TJ Friedl,27,556,CIN,0.0320,0.1620,0.0850,0.0860,0.3500,87,0.307,0.356,0.308
Trent Grisham,26,555,SDP,0.0230,0.2780,0.1350,0.0810,0.4800,90,0.279,0.352,0.264
Will Smith,28,554,LAD,0.0340,0.1610,0.1140,0.0760,0.3500,154,0.198,0.315,0.277
Leody Taveras,24,554,TEX,0.0250,0.2110,0.0630,0.0870,0.3500,89,0.261,0.359,0.318
Hunter Renfroe,31,548,TOT,0.0370,0.2280,0.0800,0.0930,0.4400,117,0.266,0.312,0.27
Javier Baez,30,547,DET,0.0170,0.2290,0.0440,0.0570,0.2700,125,0.233,0.297,0.274
J.D. Davis,30,546,SFG,0.0330,0.2780,0.0950,0.0770,0.3500,125,0.222,0.267,0.32
Bryce Harper,30,546,PHI,0.0390,0.2180,0.1470,0.0930,0.3800,152,0.248,0.325,0.352
Amed Rosario,27,545,TOT,0.0110,0.1820,0.0530,0.0720,0.2900,119,0.293,0.401,0.314
Jake Burger,27,540,TOT,0.0630,0.2760,0.0590,0.1170,0.5100,99,0.263,0.305,0.284
J.T. Realmuto,32,540,PHI,0.0370,0.2560,0.0650,0.0980,0.4300,149,0.25,0.309,0.307
Michael Harris II,22,539,ATL,0.0330,0.1870,0.0460,0.1000,0.3700,138,0.252,0.31,0.334
Corey Seager,29,536,TEX,0.0620,0.1640,0.0910,0.1400,0.4800,101,0.293,0.331,0.34
Jack Suwinski,24,534,PIT,0.0490,0.3220,0.1400,0.0920,0.4900,88,0.327,0.39,0.29
Orlando Arcia,28,533,ATL,0.0320,0.1910,0.0730,0.0790,0.3300,172,0.224,0.339,0.301
Thairo Estrada,27,530,SFG,0.0260,0.2260,0.0420,0.0790,0.3100,102,0.264,0.321,0.331
Matt Vierling,26,530,DET,0.0190,0.2110,0.0830,0.0680,0.2900,120,0.271,0.315,0.321
Jonathan India,26,529,CIN,0.0320,0.2060,0.0980,0.0760,0.3600,112,0.261,0.329,0.281
Tommy Edman,28,528,STL,0.0250,0.1590,0.0660,0.0800,0.3500,109,0.244,0.338,0.275
Elías Diaz,32,526,COL,0.0270,0.2240,0.0650,0.0760,0.3100,84,0.248,0.307,0.324
Brent Rooker,28,526,OAK,0.0570,0.3270,0.0930,0.0970,0.4500,118,0.267,0.316,0.317
Ke'Bryan Hayes,26,525,PIT,0.0290,0.1980,0.0530,0.1010,0.4000,172,0.246,0.329,0.315
Tim Anderson,30,524,CHW,0.0020,0.2330,0.0500,0.0400,0.1700,104,0.271,0.309,0.323
Brandon Drury,30,523,LAA,0.0500,0.2600,0.0480,0.1130,0.4700,122,0.245,0.286,0.308
Jake Cronenworth,29,522,SDP,0.0190,0.1860,0.0880,0.0790,0.3900,136,0.262,0.306,0.267
Jurickson Profar,30,521,TOT,0.0170,0.1730,0.0960,0.0730,0.3400,97,0.229,0.312,0.279
LaMonte Wade Jr.,29,519,SFG,0.0330,0.1830,0.1460,0.0640,0.3000,90,0.242,0.321,0.29
Zach McKinstry,28,518,DET,0.0170,0.2180,0.0850,0.0660,0.3200,95,0.256,0.373,0.284
Myles Straw,28,518,CLE,0.0020,0.1870,0.0810,0.0430,0.2000,113,0.231,0.302,0.295
Tyler Stephenson,26,517,CIN,0.0250,0.2610,0.0910,0.0680,0.3100,97,0.238,0.301,0.314
Eddie Rosario,31,516,ATL,0.0410,0.2360,0.0660,0.0930,0.3900,135,0.243,0.317,0.3
Maikel García,23,515,KCR,0.0080,0.2230,0.0740,0.0540,0.2200,122,0.255,0.305,0.344
Josh Jung,25,515,TEX,0.0450,0.2930,0.0580,0.0950,0.3900,115,0.272,0.323,0.34
Enrique Hernandez,31,508,TOT,0.0220,0.1910,0.0670,0.0670,0.3100,151,0.266,0.315,0.273
Mark Canha,34,507,TOT,0.0220,0.1560,0.0970,0.0730,0.3300,97,0.237,0.289,0.293
Lars Nootbaar,25,503,STL,0.0280,0.1970,0.1430,0.0760,0.3400,79,0.262,0.355,0.307
Triston Casas,23,502,BOS,0.0480,0.2510,0.1390,0.0940,0.4200,99,0.261,0.367,0.317
Jonah Heim,28,501,TEX,0.0360,0.1920,0.0800,0.0920,0.3900,126,0.263,0.367,0.289
Josh Lowe,25,501,TBR,0.0400,0.2480,0.0620,0.1100,0.4000,96,0.258,0.317,0.357
Esteury Ruiz,24,497,OAK,0.0100,0.1990,0.0400,0.0600,0.2600,124,0.292,0.335,0.315
Yordan Alvarez,26,496,HOU,0.0630,0.1860,0.1390,0.1130,0.4700,99,0.254,0.309,0.306
Willson Contreras,31,495,STL,0.0400,0.2240,0.1030,0.0950,0.4200,92,0.293,0.407,0.311
Josh Naylor,26,495,CLE,0.0340,0.1370,0.0670,0.0970,0.3500,111,0.264,0.358,0.326
Ryan Noda,27,495,OAK,0.0320,0.3430,0.1560,0.0790,0.4200,68,0.308,0.354,0.347
Geraldo Perdomo,23,495,ARI,0.0120,0.1740,0.1290,0.0610,0.3000,170,0.229,0.364,0.295
Mauricio Dubon,28,492,HOU,0.0200,0.1420,0.0390,0.0790,0.3000,86,0.246,0.353,0.308
Wander Franco,22,491,TBR,0.0350,0.1410,0.0860,0.0940,0.3700,70,0.278,0.309,0.297
Max Kepler,30,491,MIN,0.0490,0.2160,0.0920,0.0980,0.4200,69,0.281,0.344,0.288
Shea Langeliers,25,490,OAK,0.0450,0.2920,0.0690,0.0920,0.4900,106,0.26,0.332,0.246
Eloy Jimenez,26,489,CHW,0.0370,0.1900,0.0610,0.0840,0.3300,143,0.205,0.268,0.305
Luis Garcia Jr.,23,482,WSN,0.0190,0.1250,0.0560,0.0640,0.2600,93,0.272,0.317,0.286
Tommy Pham,35,481,TOT,0.0330,0.2200,0.0980,0.0960,0.4200,60,0.266,0.304,0.3
J.D. Martinez,35,479,LAD,0.0690,0.3110,0.0710,0.1290,0.5300,106,0.256,0.328,0.324
Andrew McCutchen,36,473,PIT,0.0250,0.2110,0.1590,0.0660,0.3100,149,0.271,0.321,0.312
Connor Joe,30,472,PIT,0.0230,0.2330,0.1060,0.0980,0.4500,100,0.256,0.378,0.311
Brandon Marsh,25,472,PHI,0.0250,0.3050,0.1250,0.0910,0.3800,110,0.247,0.339,0.397
Randal Grichuk,31,471,TOT,0.0340,0.2040,0.0620,0.1040,0.4200,144,0.277,0.372,0.309
Michael Conforto,30,470,SFG,0.0320,0.2260,0.1130,0.0620,0.3000,96,0.267,0.321,0.284
Ryan Mountcastle,26,470,BAL,0.0380,0.2280,0.0790,0.0850,0.3500,106,0.239,0.334,0.315
Jordan Walker,21,465,STL,0.0340,0.2240,0.0800,0.0800,0.3200,107,0.27,0.328,0.331
Nolan Gorman,23,464,STL,0.0580,0.3190,0.1140,0.0950,0.4600,104,0.276,0.342,0.296
Michael Massey,25,461,KCR,0.0330,0.2150,0.0520,0.0740,0.3500,148,0.236,0.328,0.261
Kerry Carpenter,25,459,DET,0.0440,0.2510,0.0700,0.0850,0.3400,99,0.229,0.274,0.338
Aaron Judge,31,458,NYY,0.0810,0.2840,0.1920,0.1160,0.5400,115,0.278,0.34,0.3
Garrett Cooper,32,457,TOT,0.0370,0.2890,0.0680,0.0790,0.3400,130,0.267,0.406,0.324
Chas McCormick,28,457,HOU,0.0480,0.2560,0.0880,0.0900,0.3700,132,0.251,0.304,0.331
Will Brennan,25,455,CLE,0.0110,0.1250,0.0350,0.0640,0.2500,117,0.273,0.353,0.296
Adam Frazier,31,455,BAL,0.0290,0.1500,0.0700,0.0790,0.3600,57,0.266,0.299,0.258
Cedric Mullins,28,455,BAL,0.0330,0.2220,0.0950,0.0900,0.4400,68,0.24,0.3,0.271
Wilmer Flores,31,454,SFG,0.0510,0.1390,0.0900,0.0990,0.3900,101,0.233,0.305,0.286
Donovan Solano,35,450,MIN,0.0110,0.2220,0.0890,0.0710,0.2900,63,0.284,0.355,0.366
Brice Turang,23,448,MIL,0.0130,0.2100,0.0850,0.0400,0.2100,100,0.282,0.369,0.268
Luis Rengifo,26,445,LAA,0.0360,0.1840,0.0920,0.0790,0.3400,94,0.218,0.285,0.293
Alex Call,28,439,WSN,0.0180,0.1780,0.1210,0.0520,0.3100,82,0.264,0.339,0.23
Ezequiel Duran,24,439,TEX,0.0320,0.2730,0.0520,0.0870,0.3400,78,0.2,0.307,0.358
Sean Murphy,28,438,ATL,0.0480,0.2240,0.1120,0.0960,0.4500,120,0.276,0.324,0.286
Brandon Lowe,28,436,TBR,0.0480,0.2730,0.1150,0.0850,0.4300,98,0.251,0.365,0.275
Harold Ramirez,28,434,TBR,0.0280,0.1820,0.0510,0.0760,0.2600,119,0.231,0.328,0.359
Brenton Doyle,25,431,COL,0.0230,0.3500,0.0510,0.0720,0.3800,79,0.313,0.353,0.295
Jace Peterson,33,430,TOT,0.0140,0.2350,0.1090,0.0470,0.2500,151,0.203,0.25,0.27
Christopher Morel,24,429,CHC,0.0610,0.3100,0.0840,0.1070,0.4800,101,0.211,0.304,0.303
Elly De La Cruz,21,427,CIN,0.0300,0.3370,0.0820,0.0820,0.3900,133,0.247,0.313,0.336
Joc Pederson,31,425,SFG,0.0350,0.2090,0.1340,0.0750,0.3800,144,0.235,0.3,0.268
Jon Berti,33,424,MIA,0.0170,0.1820,0.0680,0.0610,0.2300,89,0.235,0.348,0.349
Nolan Jones,25,424,COL,0.0470,0.2970,0.1250,0.1090,0.4200,77,0.294,0.344,0.401
Francisco Alvarez,21,423,NYM,0.0590,0.2600,0.0800,0.0880,0.4600,126,0.297,0.389,0.222
Miguel Rojas,34,423,LAD,0.0120,0.1140,0.0620,0.0520,0.2400,110,0.209,0.284,0.255
Alejandro Kirk,24,422,TOR,0.0190,0.1070,0.1000,0.0570,0.2600,48,0.236,0.29,0.265
David Peralta,35,422,LAD,0.0170,0.1710,0.0470,0.0780,0.3200,45,0.25,0.334,0.296
Anthony Rizzo,33,421,NYY,0.0290,0.2300,0.0830,0.0620,0.2900,72,0.259,0.294,0.298
Robbie Grossman,33,420,TEX,0.0240,0.2330,0.1360,0.0810,0.4100,97,0.244,0.328,0.292
Yan Gomes,35,419,CHC,0.0240,0.1930,0.0500,0.0760,0.3100,98,0.238,0.34,0.309
Tony Kemp,31,419,OAK,0.0120,0.0960,0.1050,0.0500,0.2800,81,0.267,0.315,0.221
Riley Greene,22,416,DET,0.0260,0.2740,0.0840,0.0820,0.3100,40,0.209,0.303,0.384
Jarred Kelenic,23,416,SEA,0.0260,0.3170,0.0990,0.0910,0.4000,114,0.288,0.349,0.359
Giancarlo Stanton,33,415,NYY,0.0580,0.2990,0.0990,0.0890,0.5200,132,0.253,0.327,0.21
Charlie Blackmon,36,413,COL,0.0190,0.1330,0.0940,0.0900,0.3700,124,0.191,0.275,0.307
Jose Altuve,33,410,HOU,0.0420,0.1730,0.1070,0.0980,0.3600,55,0.279,0.363,0.348
Joey Wiemer,24,410,MIL,0.0320,0.2830,0.0880,0.0780,0.4300,71,0.311,0.393,0.258
Willi Castro,26,409,MIN,0.0220,0.2420,0.0830,0.0780,0.3500,116,0.204,0.283,0.328
Taylor Ward,29,409,LAA,0.0340,0.1960,0.0950,0.0780,0.3600,99,0.257,0.339,0.284
Edouard Julien,24,408,MIN,0.0390,0.3140,0.1570,0.0810,0.3700,80,0.253,0.335,0.371
Kevin Kiermaier,33,408,TOR,0.0200,0.2110,0.0710,0.0860,0.3600,128,0.263,0.381,0.321
Martín Maldonado,36,407,HOU,0.0370,0.3420,0.0740,0.0660,0.3900,86,0.265,0.322,0.26
Elvis Andrus,34,406,CHW,0.0150,0.1750,0.0620,0.0670,0.2900,139,0.191,0.258,0.294
Luke Raley,28,406,TBR,0.0470,0.3150,0.0690,0.1110,0.5100,71,0.251,0.304,0.33
Yasmani Grandal,34,405,CHW,0.0200,0.2120,0.0890,0.0540,0.2600,128,0.249,0.333,0.284
Brandon Belt,35,404,TOR,0.0470,0.3490,0.1510,0.1040,0.4900,86,0.234,0.309,0.37
Ramon Laureano,28,404,TOT,0.0220,0.2820,0.0820,0.0770,0.3800,141,0.254,0.369,0.301
Matt McLain,23,403,CIN,0.0400,0.2850,0.0770,0.1070,0.4100,114,0.224,0.304,0.385
Connor Wong,27,403,BOS,0.0220,0.3330,0.0550,0.0890,0.4100,115,0.29,0.357,0.341
Jesús Sánchez,25,402,MIA,0.0350,0.2660,0.0950,0.1000,0.4400,134,0.235,0.288,0.321
Alek Thomas,23,402,ARI,0.0220,0.2140,0.0470,0.0770,0.3600,107,0.253,0.327,0.273
Mike Tauchman,32,401,CHC,0.0200,0.2150,0.1400,0.0650,0.3100,86,0.23,0.273,0.313
Paul DeJong,29,400,TOT,0.0350,0.3030,0.0530,0.0680,0.3500,86,0.252,0.363,0.264
Ramón Urias,29,396,BAL,0.0100,0.2550,0.0680,0.0730,0.3100,121,0.207,0.258,0.355
Brett Baty,23,389,NYM,0.0230,0.2800,0.0750,0.0540,0.2800,101,0.264,0.328,0.28
Michael A. Taylor,32,388,MIN,0.0540,0.3350,0.0670,0.0930,0.4600,109,0.212,0.275,0.278
Mike Moustakas,34,386,TOT,0.0310,0.2460,0.0600,0.0700,0.3100,130,0.22,0.278,0.296
Edward Olivares,27,385,KCR,0.0310,0.1660,0.0570,0.1010,0.4200,95,0.247,0.293,0.289
Chris Taylor,32,384,LAD,0.0390,0.3260,0.1070,0.0810,0.3900,64,0.263,0.317,0.327
Jazz Chisholm Jr.,25,383,MIA,0.0500,0.3080,0.0680,0.0860,0.3800,125,0.237,0.326,0.318
Andy Ibanez,30,383,DET,0.0290,0.1800,0.0630,0.0940,0.3800,118,0.25,0.304,0.3
Mike Yastrzemski,32,381,SFG,0.0390,0.2600,0.1180,0.1020,0.5100,69,0.264,0.312,0.286
Jake Fraley,28,380,CIN,0.0400,0.1870,0.0970,0.0870,0.3800,99,0.233,0.33,0.283
Gabriel Moreno,23,380,ARI,0.0180,0.1970,0.0760,0.0710,0.2800,71,0.256,0.339,0.338
Seth Brown,30,378,OAK,0.0370,0.2670,0.0790,0.0900,0.4500,75,0.284,0.339,0.27
Yainer Diaz,24,377,HOU,0.0610,0.1960,0.0290,0.1190,0.4500,101,0.222,0.286,0.292
Jason Heyward,33,377,LAD,0.0400,0.1700,0.0900,0.1010,0.4200,74,0.282,0.308,0.291
Ji Hwan Bae,23,371,PIT,0.0050,0.2480,0.0810,0.0570,0.2700,64,0.269,0.34,0.31
Brendan Donovan,26,371,STL,0.0300,0.1430,0.0890,0.0590,0.2400,92,0.231,0.296,0.311
Miguel Cabrera,40,370,DET,0.0110,0.2000,0.0840,0.0650,0.2800,53,0.284,0.365,0.317
Kyle Farmer,32,369,MIN,0.0300,0.2330,0.0620,0.0730,0.3100,74,0.257,0.322,0.311
Ryan O'Hearn,29,368,BAL,0.0380,0.2230,0.0410,0.1010,0.3700,86,0.256,0.317,0.34
Jake Rogers,28,365,DET,0.0580,0.3230,0.0770,0.0880,0.4400,82,0.289,0.322,0.268
Jose Siri,27,364,TBR,0.0690,0.3570,0.0550,0.1100,0.5300,118,0.221,0.286,0.269
Jarren Duran,26,362,BOS,0.0220,0.2490,0.0660,0.1220,0.4500,130,0.222,0.267,0.381
Mike Trout,31,362,LAA,0.0500,0.2870,0.1240,0.0910,0.4100,90,0.295,0.346,0.335
Brian Anderson,30,361,MIL,0.0250,0.2990,0.1000,0.0670,0.3300,104,0.263,0.367,0.309
Isiah Kiner-Falefa,28,361,NYY,0.0170,0.1940,0.0780,0.0530,0.2400,108,0.226,0.31,0.289
Akil Baddoo,24,357,DET,0.0310,0.2490,0.1180,0.0700,0.3700,70,0.242,0.306,0.268
Yoán Moncada,28,357,CHW,0.0310,0.3000,0.0560,0.0900,0.3700,89,0.218,0.31,0.35
Christian Vázquez,32,355,MIN,0.0170,0.2310,0.0700,0.0540,0.2600,107,0.26,0.305,0.279
Patrick Bailey,24,353,SFG,0.0200,0.2830,0.0600,0.0740,0.3400,82,0.223,0.28,0.314
Adam Duvall,34,353,BOS,0.0600,0.3120,0.0620,0.1330,0.6000,100,0.233,0.285,0.299
Rowdy Tellez,28,351,MIL,0.0370,0.2450,0.1000,0.0660,0.3400,110,0.247,0.303,0.249
Jorge Mateo,28,350,BAL,0.0200,0.2340,0.0630,0.0660,0.3300,86,0.215,0.291,0.267
Josh Rojas,29,350,TOT,0.0110,0.2310,0.0770,0.0600,0.2700,82,0.217,0.267,0.313
Taylor Walls,26,349,TBR,0.0230,0.2640,0.1260,0.0630,0.3600,81,0.245,0.303,0.261
Alec Burleson,24,347,STL,0.0230,0.1300,0.0660,0.0840,0.3800,92,0.201,0.305,0.261
Byron Buxton,29,347,MIN,0.0490,0.3140,0.1010,0.1010,0.5600,45,0.244,0.3,0.253
Gabriel Arias,23,345,CLE,0.0290,0.3280,0.0810,0.0730,0.3800,109,0.207,0.294,0.29
Nick Pratto,24,345,KCR,0.0200,0.4000,0.0840,0.0670,0.3200,113,0.21,0.275,0.388
Harrison Bader,29,344,TOT,0.0200,0.1720,0.0490,0.0610,0.2800,138,0.232,0.307,0.261
Aledmys Diaz,32,344,OAK,0.0120,0.1920,0.0490,0.0730,0.3500,59,0.232,0.274,0.273
Mitch Garver,32,344,TEX,0.0550,0.2380,0.1280,0.0870,0.3800,66,0.229,0.28,0.313
Blake Sabol,25,344,SFG,0.0380,0.3400,0.0700,0.0670,0.3200,82,0.27,0.37,0.33
Gavin Sheets,27,344,CHW,0.0290,0.1920,0.0810,0.0580,0.3200,117,0.235,0.301,0.222
Jorge Polanco,29,343,MIN,0.0410,0.2570,0.1050,0.0930,0.4200,66,0.203,0.267,0.31
Starling Marte,34,341,NYM,0.0150,0.2020,0.0470,0.0380,0.1700,88,0.255,0.335,0.303
Jake Meyers,27,341,HOU,0.0290,0.2580,0.0760,0.0790,0.3900,69,0.248,0.301,0.283
Cavan Biggio,28,338,TOR,0.0270,0.2600,0.1180,0.0620,0.3100,88,0.227,0.296,0.304
Drew Waters,24,337,KCR,0.0240,0.3180,0.0800,0.0710,0.3500,88,0.235,0.34,0.321
Manuel Margot,28,336,TBR,0.0120,0.1640,0.0540,0.0770,0.3200,107,0.228,0.3,0.306
Kris Bryant,31,335,COL,0.0300,0.2030,0.0870,0.0600,0.2900,55,0.264,0.31,0.27
Ryan Jeffers,26,335,MIN,0.0420,0.2780,0.0990,0.0930,0.3900,68,0.233,0.313,0.359
Christian Bethancourt,31,332,TBR,0.0330,0.2740,0.0390,0.0810,0.3800,93,0.276,0.369,0.278
Joey Gallo,29,332,MIN,0.0630,0.4280,0.1450,0.0930,0.6200,91,0.225,0.254,0.244
Oswaldo Cabrera,24,330,NYY,0.0150,0.2180,0.0760,0.0490,0.2500,142,0.177,0.301,0.26
Nick Senzel,28,330,CIN,0.0390,0.2240,0.0790,0.0700,0.3200,72,0.211,0.275,0.269
Nick Allen,24,329,OAK,0.0120,0.1580,0.0520,0.0300,0.1500,74,0.236,0.297,0.253
Will Benson,25,329,CIN,0.0330,0.3130,0.1220,0.1030,0.4300,52,0.221,0.263,0.391
Yuli Gurriel,39,329,MIA,0.0120,0.1340,0.0790,0.0700,0.3200,103,0.275,0.365,0.272
Zach Neto,22,329,LAA,0.0270,0.2340,0.0610,0.0790,0.4000,44,0.245,0.304,0.272
Jean Segura,33,326,MIA,0.0090,0.1440,0.0680,0.0310,0.1500,77,0.225,0.308,0.251
Nick Fortes,26,323,MIA,0.0190,0.1830,0.0530,0.0500,0.2700,47,0.219,0.277,0.234
Corey Julks,27,323,HOU,0.0190,0.2320,0.0680,0.0620,0.2700,59,0.204,0.263,0.306
Mickey Moniak,25,323,LAA,0.0430,0.3500,0.0280,0.1150,0.4300,75,0.245,0.297,0.397
Brandon Crawford,36,320,SFG,0.0220,0.2530,0.0880,0.0590,0.3500,113,0.28,0.307,0.241
Alex Kirilloff,25,319,MIN,0.0350,0.2510,0.0880,0.0820,0.3400,81,0.194,0.273,0.337
Daniel Vogelbach,30,319,NYM,0.0410,0.2540,0.1320,0.0660,0.3300,80,0.27,0.348,0.282
Joey Wendle,33,318,MIA,0.0060,0.2110,0.0410,0.0660,0.3300,81,0.233,0.339,0.264
Andruw Monasterio,26,315,MIL,0.0100,0.2100,0.0890,0.0570,0.2500,67,0.212,0.248,0.326
Owen Miller,26,314,MIL,0.0160,0.1940,0.0540,0.0700,0.2900,66,0.259,0.33,0.31
Kyle Isbel,26,313,KCR,0.0160,0.1890,0.0540,0.0930,0.4100,61,0.261,0.303,0.283
Aaron Hicks,33,312,TOT,0.0260,0.2210,0.1350,0.0580,0.2700,59,0.24,0.282,0.311
Jake McCarthy,25,312,ARI,0.0060,0.1990,0.0830,0.0450,0.2100,69,0.253,0.353,0.305
Eduardo Escobar,34,309,TOT,0.0190,0.2520,0.0580,0.0550,0.2600,62,0.243,0.318,0.286
Elehuris Montero,24,307,COL,0.0360,0.3620,0.0490,0.0910,0.4100,78,0.226,0.269,0.352
Matt Thaiss,28,307,LAA,0.0290,0.2700,0.1170,0.0490,0.2700,111,0.243,0.29,0.272
Miguel Vargas,23,304,LAD,0.0230,0.2010,0.1250,0.0860,0.5200,83,0.214,0.319,0.224
JJ Bleday,25,303,OAK,0.0330,0.2380,0.1390,0.0690,0.4200,61,0.195,0.305,0.226
Patrick Wisdom,31,302,CHC,0.0760,0.3680,0.0990,0.1060,0.5800,72,0.195,0.31,0.237
Danny Jansen,28,301,TOR,0.0570,0.2060,0.0760,0.1060,0.5300,111,0.205,0.289,0.233
Zack Gelof,23,300,OAK,0.0470,0.2730,0.0870,0.1170,0.4900,62,0.228,0.312,0.331
Edmundo Sosa,27,300,PHI,0.0330,0.2470,0.0270,0.0900,0.3900,82,0.267,0.337,0.306
Nick Madrigal,26,294,CHC,0.0070,0.0820,0.0340,0.0650,0.2700,74,0.251,0.293,0.283
Jordan Diaz,22,293,OAK,0.0340,0.2360,0.0580,0.0650,0.3200,24,0.263,0.311,0.258
Eric Haase,30,293,TOT,0.0140,0.2770,0.0580,0.0440,0.2400,69,0.221,0.273,0.268
Nick Maton,26,293,DET,0.0270,0.2490,0.1300,0.0580,0.4000,81,0.201,0.247,0.206
Travis d'Arnaud,34,292,ATL,0.0380,0.2300,0.0720,0.0820,0.4000,73,0.173,0.288,0.258
Travis Jankowski,32,287,TEX,0.0040,0.1460,0.1220,0.0490,0.2200,67,0.225,0.288,0.311
Ildemaro Vargas,31,286,WSN,0.0140,0.0700,0.0660,0.0660,0.2900,42,0.263,0.357,0.259
Emmanuel Rivera,27,283,ARI,0.0140,0.1980,0.0780,0.0600,0.2500,20,0.252,0.304,0.313
Jose Caballero,26,280,SEA,0.0140,0.2360,0.1000,0.0500,0.2800,56,0.261,0.314,0.285
C.J. Cron,33,278,TOT,0.0430,0.2340,0.0610,0.0860,0.3800,66,0.221,0.343,0.284
Casey Schmitt,24,277,SFG,0.0180,0.2350,0.0470,0.0720,0.3900,65,0.248,0.295,0.253
Jacob Stallings,33,276,MIA,0.0110,0.2430,0.0980,0.0620,0.3700,65,0.206,0.255,0.249
Jake Bauers,27,272,NYY,0.0440,0.3490,0.0990,0.0990,0.5500,67,0.191,0.278,0.268
Stone Garrett,27,271,WSN,0.0330,0.3030,0.0960,0.0960,0.4100,95,0.202,0.279,0.365
Harold Castro,29,270,COL,0.0040,0.2440,0.0330,0.0520,0.2200,82,0.269,0.343,0.332
Gary Sánchez,30,267,TOT,0.0710,0.2510,0.0790,0.1050,0.5400,66,0.252,0.275,0.212
Tyler O'Neill,28,266,STL,0.0340,0.2520,0.1050,0.0870,0.4200,67,0.217,0.288,0.284
Joshua Palacios,27,264,PIT,0.0380,0.2120,0.0460,0.0800,0.3600,67,0.231,0.312,0.269
Oscar Colas,24,263,CHW,0.0190,0.2700,0.0460,0.0530,0.2600,56,0.239,0.279,0.281
Trey Mancini,31,263,CHC,0.0150,0.2970,0.0800,0.0610,0.2900,71,0.216,0.257,0.327
Nicky Lopez,28,262,TOT,0.0040,0.1530,0.0990,0.0460,0.2300,78,0.234,0.299,0.276
Kyle Higashioka,33,260,NYY,0.0390,0.2850,0.0540,0.0890,0.4000,40,0.231,0.326,0.292
Vinnie Pasquantino,25,260,KCR,0.0350,0.1190,0.0960,0.1000,0.4600,74,0.236,0.274,0.25
Rodolfo Castro,24,256,TOT,0.0230,0.2890,0.0900,0.0510,0.2700,31,0.247,0.324,0.284
Dylan Carlson,24,255,STL,0.0200,0.1920,0.1020,0.0550,0.2900,74,0.211,0.297,0.256
Henry Davis,23,255,PIT,0.0280,0.2710,0.0980,0.0670,0.3500,49,0.219,0.318,0.273
Stuart Fairchild,27,255,CIN,0.0200,0.2710,0.0980,0.0900,0.4600,69,0.213,0.302,0.306
Santiago Espinal,28,254,TOR,0.0080,0.1420,0.0710,0.0630,0.2800,69,0.228,0.321,0.285
Matt Wallner,25,254,MIN,0.0550,0.3150,0.1100,0.1020,0.4900,36,0.248,0.31,0.328
Luis Matos,21,253,SFG,0.0080,0.1300,0.0790,0.0630,0.2800,80,0.249,0.37,0.285
Kevin Newman,29,253,CIN,0.0120,0.1340,0.0670,0.0750,0.3300,33,0.25,0.319,0.28
Zack Short,28,253,DET,0.0280,0.2610,0.1110,0.0630,0.3600,34,0.253,0.311,0.255
Garrett Hampson,28,252,MIA,0.0120,0.2660,0.0910,0.0640,0.2600,66,0.204,0.292,0.379
Mike Ford,30,251,SEA,0.0640,0.3230,0.0960,0.0880,0.4400,67,0.276,0.349,0.276
Kolten Wong,32,250,TOT,0.0160,0.2120,0.0720,0.0400,0.2400,81,0.228,0.323,0.218
Rob Refsnyder,32,243,BOS,0.0040,0.1930,0.1360,0.0450,0.2200,53,0.183,0.256,0.316
Tyrone Taylor,29,243,MIL,0.0410,0.2260,0.0330,0.1150,0.5200,47,0.248,0.365,0.263
Joey Votto,39,242,CIN,0.0580,0.2560,0.1120,0.0830,0.4800,55,0.234,0.267,0.212
Christian Encarnacion-Strand,23,241,CIN,0.0540,0.2860,0.0580,0.0830,0.3300,62,0.202,0.314,0.336
Andrew Knizner,28,241,STL,0.0420,0.2570,0.0500,0.0870,0.3900,69,0.27,0.328,0.288
Royce Lewis,24,239,MIN,0.0630,0.2300,0.0840,0.0920,0.3300,62,0.241,0.288,0.354
Matt Carpenter,37,237,SDP,0.0210,0.2830,0.1730,0.0720,0.5200,55,0.309,0.372,0.231
Evan Longoria,37,237,ARI,0.0460,0.3080,0.0970,0.0840,0.4300,67,0.176,0.322,0.277
Freddy Fermin,28,235,KCR,0.0380,0.2130,0.0550,0.0850,0.3300,73,0.223,0.295,0.323
Mark Vientos,23,233,NYM,0.0390,0.3050,0.0430,0.0640,0.3300,50,0.281,0.321,0.264
Josh Smith,25,232,TEX,0.0260,0.2370,0.1080,0.0650,0.4200,71,0.211,0.253,0.222
Bo Naylor,23,230,CLE,0.0480,0.2300,0.1300,0.1040,0.5100,55,0.185,0.304,0.267
Mitch Haniger,32,229,SFG,0.0260,0.2840,0.0660,0.0870,0.4600,53,0.237,0.339,0.27
Pavin Smith,27,228,ARI,0.0310,0.1970,0.1540,0.0530,0.3300,65,0.209,0.266,0.209
Gio Urshela,31,228,LAA,0.0090,0.1580,0.0440,0.0480,0.1700,45,0.188,0.317,0.346
Jordan Westburg,24,228,BAL,0.0130,0.2460,0.0700,0.0970,0.4100,36,0.299,0.329,0.336
Alan Trejo,27,227,COL,0.0180,0.2250,0.0710,0.0660,0.3100,56,0.26,0.311,0.286
Víctor Caratini,29,226,MIL,0.0310,0.1990,0.0840,0.0490,0.2100,51,0.232,0.288,0.296
James McCann,33,226,BAL,0.0270,0.2520,0.0400,0.0890,0.4400,45,0.259,0.327,0.274
Sal Frelick,23,223,MIL,0.0140,0.1660,0.1260,0.0580,0.2800,57,0.222,0.269,0.286
Tucupita Marcano,23,220,PIT,0.0140,0.1590,0.0460,0.0770,0.3600,37,0.246,0.341,0.265
Liover Peguero,22,213,PIT,0.0330,0.3150,0.0520,0.0560,0.2600,35,0.233,0.276,0.32
Austin Hedges,30,212,TOT,0.0050,0.2220,0.0520,0.0280,0.1800,67,0.237,0.28,0.236
Trevor Larnach,26,212,MIN,0.0380,0.3400,0.1270,0.0850,0.4600,47,0.184,0.234,0.295
Nick Ahmed,33,210,ARI,0.0100,0.2480,0.0570,0.0620,0.3100,72,0.213,0.311,0.278
Matt Duffy,32,209,KCR,0.0100,0.1870,0.0570,0.0480,0.2100,52,0.212,0.257,0.303
Jared Triolo,25,209,PIT,0.0140,0.3010,0.1150,0.0570,0.2200,39,0.251,0.306,0.44
Austin Slater,30,207,SFG,0.0240,0.2800,0.0970,0.0680,0.2800,63,0.298,0.388,0.369
Christian Arroyo,28,206,BOS,0.0150,0.2180,0.0340,0.0920,0.4000,58,0.27,0.348,0.295
Reese McGuire,28,206,BOS,0.0050,0.2570,0.0530,0.0680,0.2800,45,0.241,0.268,0.366
Kevin Pillar,34,206,ATL,0.0440,0.2430,0.0290,0.0920,0.4200,53,0.267,0.31,0.255
Endy Rodriguez,23,204,PIT,0.0150,0.2400,0.0830,0.0590,0.2900,50,0.228,0.248,0.281
Jake Cave,30,203,PHI,0.0250,0.2710,0.0740,0.0690,0.3600,49,0.22,0.284,0.27
Austin Barnes,33,200,LAD,0.0100,0.2150,0.0850,0.0350,0.2200,55,0.212,0.272,0.222
Luke Maile,32,199,CIN,0.0300,0.2460,0.0700,0.0800,0.3800,43,0.18,0.256,0.29
Logan O'Hoppe,23,199,LAA,0.0700,0.2410,0.0700,0.1010,0.4700,49,0.235,0.308,0.24
Jesse Winker,29,197,MIL,0.0050,0.2590,0.1320,0.0310,0.1800,48,0.236,0.296,0.278
Seby Zavala,29,193,TOT,0.0360,0.3630,0.0620,0.0570,0.3700,51,0.199,0.32,0.23
Brendan Rodgers,26,192,COL,0.0210,0.2140,0.0570,0.0730,0.3000,70,0.171,0.23,0.316
Oswald Peraza,23,191,NYY,0.0110,0.2620,0.0680,0.0520,0.3000,41,0.258,0.313,0.256
Josh Donaldson,37,189,TOT,0.0690,0.2650,0.1160,0.0950,0.7200,50,0.191,0.267,0.115
Carlos Perez,32,189,OAK,0.0320,0.2120,0.0690,0.0530,0.2600,50,0.152,0.249,0.256
Jason Delay,28,187,PIT,0.0050,0.2350,0.0750,0.0700,0.3100,40,0.226,0.293,0.333
Pablo Reyes,29,185,BOS,0.0110,0.1140,0.0760,0.0600,0.2300,44,0.251,0.319,0.315
DJ Stewart,29,185,NYM,0.0600,0.3030,0.0810,0.1080,0.5100,21,0.287,0.339,0.298
Anthony Rendon,33,183,LAA,0.0110,0.1480,0.1370,0.0440,0.2300,56,0.244,0.333,0.268
Dominic Canzone,25,182,TOT,0.0330,0.1760,0.0440,0.1040,0.5000,27,0.236,0.361,0.237
Oscar Gonzalez,25,180,CLE,0.0110,0.2560,0.0280,0.0610,0.3000,32,0.22,0.258,0.278
Trayce Thompson,32,179,TOT,0.0340,0.4300,0.1340,0.0450,0.3200,46,0.214,0.239,0.271
Nelson Velazquez,24,179,TOT,0.0950,0.2850,0.0780,0.1290,0.6100,77,0.163,0.285,0.221
Luis Urias,26,177,TOT,0.0170,0.2320,0.1190,0.0510,0.3200,51,0.235,0.302,0.25
Jake Alu,26,175,WSN,0.0110,0.2400,0.0570,0.0290,0.1400,41,0.194,0.337,0.291
Kole Calhoun,35,174,CLE,0.0350,0.2130,0.0750,0.0750,0.3800,42,0.226,0.282,0.241
Luis Campusano,24,174,SDP,0.0400,0.1210,0.0400,0.0810,0.2700,37,0.217,0.282,0.331
Lenyn Sosa,23,173,CHW,0.0350,0.2310,0.0290,0.0690,0.3600,21,0.319,0.356,0.227
Chad Wallach,31,172,LAA,0.0410,0.3310,0.0760,0.0760,0.4200,40,0.201,0.224,0.258
Raimel Tapia,29,169,TOT,0.0180,0.2370,0.1010,0.0470,0.2300,57,0.197,0.259,0.302
Tyler Freeman,24,168,CLE,0.0240,0.1790,0.0600,0.0660,0.3000,40,0.236,0.317,0.275
Blake Perkins,26,168,MIL,0.0240,0.2740,0.1370,0.0660,0.3600,30,0.242,0.295,0.29
Trevor Story,30,168,BOS,0.0180,0.3270,0.0540,0.0710,0.3800,46,0.217,0.325,0.29
Jose Trevino,30,168,NYY,0.0240,0.1310,0.0480,0.0480,0.2400,55,0.203,0.25,0.221
Dylan Moore,30,165,SEA,0.0420,0.3390,0.0970,0.1030,0.5700,22,0.21,0.257,0.28
Johan Rojas,22,164,PHI,0.0120,0.2560,0.0310,0.0790,0.2900,56,0.207,0.303,0.41
Francisco Mejia,27,160,TBR,0.0310,0.2380,0.0380,0.1000,0.4700,42,0.302,0.342,0.266
Zach Remillard,29,160,CHW,0.0060,0.3000,0.0500,0.0500,0.2200,38,0.227,0.258,0.367
Tom Murphy,32,159,SEA,0.0500,0.2770,0.0630,0.1260,0.4800,48,0.252,0.295,0.358
Riley Adams,27,158,WSN,0.0250,0.2850,0.0700,0.1200,0.4900,44,0.29,0.335,0.368
Rougned Odor,29,157,SDP,0.0260,0.2360,0.1080,0.0830,0.4600,45,0.273,0.331,0.247
Miguel Amaya,24,156,CHC,0.0320,0.2560,0.0770,0.0580,0.3200,37,0.203,0.299,0.264
Austin Nola,33,154,SDP,0.0070,0.2010,0.1170,0.0260,0.2100,40,0.214,0.329,0.184
Nelson Cruz,42,152,SDP,0.0330,0.3030,0.0400,0.0720,0.3100,31,0.146,0.26,0.323
Corey Dickerson,34,152,WSN,0.0130,0.1840,0.0460,0.0660,0.2800,46,0.245,0.283,0.296
José Miranda,25,152,MIN,0.0200,0.1580,0.0590,0.0460,0.2300,28,0.25,0.283,0.235
Michael Toglia,24,152,COL,0.0260,0.3290,0.0660,0.0590,0.3900,24,0.211,0.263,0.218
Carson Kelly,28,151,TOT,0.0130,0.2650,0.0930,0.0460,0.2500,50,0.163,0.224,0.274
Jonathan Schoop,31,151,DET,0.0000,0.2450,0.0860,0.0530,0.2800,40,0.206,0.278,0.287
José Barrero,25,149,CIN,0.0130,0.2950,0.1010,0.0670,0.3500,37,0.213,0.278,0.307
Willie Calhoun,28,149,NYY,0.0340,0.1340,0.0940,0.0810,0.3800,44,0.218,0.295,0.245
Cam Gallagher,30,149,CLE,0.0000,0.3090,0.0270,0.0400,0.3300,20,0.239,0.309,0.184
Miles Mastrobuoni,27,149,CHC,0.0070,0.2150,0.0870,0.0400,0.1900,46,0.126,0.154,0.31
Enmanuel Valdez,24,149,BOS,0.0400,0.2480,0.0540,0.0940,0.3800,32,0.241,0.308,0.323
Kody Clemens,27,148,PHI,0.0270,0.2700,0.0540,0.0740,0.3400,37,0.266,0.311,0.295
Billy McKinney,28,147,NYY,0.0410,0.2650,0.1160,0.0680,0.3500,40,0.23,0.277,0.274
Omar Narvaez,31,146,NYM,0.0140,0.1850,0.0960,0.0480,0.2600,39,0.227,0.32,0.245
Kevin Smith,26,146,OAK,0.0340,0.3490,0.0340,0.0620,0.3600,27,0.211,0.283,0.253
Parker Meadows,23,145,DET,0.0210,0.2550,0.1170,0.0620,0.3100,51,0.185,0.22,0.302
Austin Wynns,32,145,TOT,0.0070,0.2690,0.0620,0.0480,0.2600,37,0.232,0.331,0.286
AJ Pollock,35,144,TOT,0.0350,0.2220,0.0630,0.0630,0.4100,39,0.208,0.268,0.173
Wil Myers,32,141,CIN,0.0210,0.3400,0.0850,0.0430,0.2500,32,0.165,0.215,0.273
Davis Schneider,24,141,TOR,0.0570,0.3050,0.1490,0.1490,0.6600,48,0.189,0.257,0.369
David Villar,26,140,SFG,0.0360,0.3210,0.0790,0.0790,0.6100,43,0.276,0.404,0.173
Mike Zunino,32,140,CLE,0.0210,0.4360,0.1070,0.0710,0.4600,45,0.145,0.236,0.317
Matthew Batten,28,139,SDP,0.0140,0.2160,0.1220,0.0580,0.2600,61,0.177,0.271,0.33
Ryan McKenna,26,139,BAL,0.0140,0.2880,0.0650,0.0650,0.2900,30,0.258,0.355,0.354
Dairon Blanco,30,138,KCR,0.0220,0.2390,0.0730,0.1010,0.4400,40,0.254,0.316,0.33
Tyler Soderstrom,21,138,OAK,0.0220,0.3120,0.0800,0.0290,0.2000,33,0.258,0.324,0.213
Masyn Winn,21,137,STL,0.0150,0.1900,0.0730,0.0290,0.1900,43,0.16,0.232,0.196
Rafael Ortega,32,136,NYM,0.0070,0.2430,0.1470,0.0290,0.1600,26,0.172,0.23,0.3
Nolan Schanuel,21,132,LAA,0.0080,0.1440,0.1520,0.0300,0.1300,33,0.219,0.341,0.326
Brett Wisely,24,131,SFG,0.0150,0.3050,0.0690,0.0530,0.3300,19,0.275,0.402,0.241
Lawrence Butler,22,129,OAK,0.0310,0.2710,0.0310,0.0620,0.3100,40,0.175,0.231,0.259
Nick Gonzales,24,128,PIT,0.0160,0.2810,0.0470,0.0860,0.4600,35,0.211,0.24,0.278
Víctor Robles,26,126,WSN,0.0000,0.1430,0.0870,0.0480,0.1900,36,0.209,0.268,0.36
Garrett Stubbs,30,125,PHI,0.0080,0.2320,0.0720,0.0480,0.2600,18,0.299,0.385,0.265
Tucker Barnhart,32,123,CHC,0.0080,0.3420,0.0980,0.0330,0.1800,29,0.204,0.274,0.313
Noelvi Marte,21,123,CIN,0.0240,0.2030,0.0650,0.0810,0.2800,42,0.202,0.285,0.384
Alfonso Rivas,26,123,TOT,0.0240,0.2930,0.0730,0.1140,0.5600,25,0.316,0.366,0.31
Jacob Young,23,121,WSN,0.0000,0.1820,0.0830,0.0660,0.3000,36,0.229,0.303,0.318
Luis Guillorme,28,120,NYM,0.0080,0.2330,0.0830,0.0670,0.3300,22,0.252,0.322,0.291
Jose Herrera,26,120,ARI,0.0000,0.2500,0.1080,0.0420,0.2400,28,0.224,0.288,0.292
Avisail Garcia,32,118,MIA,0.0250,0.3310,0.0510,0.0590,0.3500,30,0.208,0.296,0.258
Ji Man Choi,32,117,TOT,0.0510,0.2990,0.0860,0.0940,0.6500,39,0.185,0.241,0.169
Jared Walsh,29,116,LAA,0.0350,0.3880,0.0950,0.0690,0.6200,35,0.163,0.239,0.164
Jesús Aguilar,33,115,OAK,0.0440,0.2700,0.0700,0.0610,0.3000,45,0.125,0.216,0.261
Josh Harrison,35,114,PHI,0.0180,0.1750,0.0260,0.0440,0.2400,31,0.221,0.281,0.229
Jackie Bradley Jr.,33,113,KCR,0.0090,0.2570,0.0440,0.0530,0.4300,20,0.204,0.263,0.173
David Fry,27,113,CLE,0.0350,0.2660,0.0710,0.0890,0.4200,29,0.133,0.188,0.299
Yu Chang,27,112,BOS,0.0540,0.3040,0.0270,0.0710,0.4700,30,0.238,0.319,0.169
Alika Williams,24,112,PIT,0.0000,0.3130,0.0800,0.0450,0.2500,34,0.162,0.2,0.303
Tyler Nevin,26,111,DET,0.0180,0.2250,0.1080,0.0540,0.3200,35,0.198,0.27,0.246
Sam Haggerty,29,108,SEA,0.0090,0.1570,0.1390,0.0460,0.2200,25,0.2,0.306,0.301
Ronny Mauricio,22,108,NYM,0.0190,0.2870,0.0650,0.0560,0.2400,17,0.253,0.364,0.338
Jonah Bride,27,106,OAK,0.0000,0.2080,0.1040,0.0280,0.2000,31,0.248,0.296,0.221
René Pinto,26,105,TBR,0.0570,0.3240,0.0190,0.0860,0.3500,22,0.17,0.286,0.317
Jon Singleton,31,105,TOT,0.0190,0.2190,0.1240,0.0480,0.3300,34,0.252,0.267,0.194
Jonathan Davis,31,104,MIA,0.0190,0.2790,0.0670,0.0670,0.3200,23,0.165,0.267,0.328
Jonathan Aranda,25,103,TBR,0.0190,0.3010,0.1260,0.0680,0.3500,29,0.244,0.307,0.327
Everson Pereira,22,103,NYY,0.0000,0.3880,0.0780,0.0390,0.2900,31,0.23,0.34,0.264
José Azocar,27,102,SDP,0.0200,0.2350,0.0390,0.0780,0.3800,40,0.151,0.233,0.292
Dominic Fletcher,25,102,ARI,0.0200,0.2160,0.0690,0.0780,0.2900,24,0.231,0.278,0.377
Richie Palacios,26,102,STL,0.0590,0.1080,0.0590,0.1180,0.5000,22,0.301,0.35,0.234
Eric Hosmer,33,100,CHC,0.0200,0.2500,0.0600,0.0500,0.2300,11,0.258,0.307,0.299
Cade Marlowe,26,100,SEA,0.0300,0.3300,0.1200,0.0800,0.3800,25,0.234,0.28,0.346
Luken Baker,26,99,STL,0.0200,0.3130,0.1310,0.0510,0.2800,33,0.239,0.33,0.302
Matt Mervis,25,99,CHC,0.0300,0.3230,0.0810,0.0510,0.3300,31,0.209,0.313,0.218
David Fletcher,29,97,LAA,0.0210,0.0930,0.0720,0.0310,0.1400,32,0.167,0.242,0.256
Romy Gonzalez,26,97,CHW,0.0310,0.3710,0.0210,0.0930,0.5000,9,0.247,0.302,0.273
Curt Casali,34,96,CIN,0.0000,0.2400,0.1150,0.0210,0.1400,36,0.194,0.208,0.246
Michael Chavis,27,96,WSN,0.0210,0.3440,0.0520,0.0520,0.2300,23,0.175,0.29,0.357
Joey Bart,26,95,SFG,0.0000,0.2420,0.0320,0.0530,0.2800,33,0.242,0.281,0.277
Cristian Pache,24,95,PHI,0.0210,0.2840,0.1050,0.1050,0.5000,23,0.207,0.263,0.327
Osleivis Basabe,22,94,TBR,0.0110,0.2660,0.0640,0.0640,0.3200,27,0.238,0.319,0.295
David Hensley,27,94,HOU,0.0110,0.3720,0.1060,0.0210,0.2000,25,0.218,0.277,0.188
Carter Kieboom,25,94,WSN,0.0430,0.2870,0.0640,0.0640,0.3300,35,0.119,0.213,0.25
Andrew Velazquez,28,94,LAA,0.0210,0.3190,0.1060,0.0530,0.3600,27,0.207,0.266,0.245
Nick Gordon,27,93,MIN,0.0220,0.1180,0.0110,0.0860,0.5000,30,0.173,0.264,0.179
Curtis Mead,22,92,TBR,0.0110,0.2280,0.0760,0.0540,0.2400,11,0.176,0.185,0.328
Hunter Dozier,31,91,KCR,0.0220,0.3190,0.0880,0.0550,0.3300,21,0.253,0.326,0.25
Hanser Alberto,30,90,CHW,0.0330,0.1440,0.0440,0.0890,0.4400,29,0.183,0.253,0.224
Miguel Andujar,28,90,PIT,0.0440,0.1440,0.0670,0.1220,0.5200,13,0.22,0.261,0.254
Jordan Luplow,29,90,TOT,0.0220,0.3000,0.1330,0.0560,0.3100,13,0.25,0.3,0.292
Ceddanne Rafaela,22,89,BOS,0.0230,0.3150,0.0450,0.0900,0.4000,27,0.208,0.322,0.333
Conner Capel,26,86,OAK,0.0000,0.2910,0.1400,0.0580,0.2600,28,0.241,0.281,0.396
Brandon Dixon,31,86,SDP,0.0230,0.3610,0.0120,0.0700,0.3800,25,0.26,0.372,0.292
Henry Ramos,31,86,CIN,0.0000,0.2440,0.1280,0.0470,0.2200,31,0.203,0.244,0.34
Brayan Rocchio,22,86,CLE,0.0000,0.3140,0.0470,0.0700,0.3000,21,0.243,0.349,0.364
Brett Sullivan,29,86,SDP,0.0120,0.2210,0.0470,0.0470,0.2400,27,0.247,0.279,0.258
Wilyer Abreu,24,85,BOS,0.0240,0.2710,0.1060,0.0940,0.3300,19,0.21,0.244,0.431
Vidal Brujan,25,84,TBR,0.0000,0.2500,0.0600,0.0240,0.1500,23,0.316,0.388,0.236
Xavier Edwards,23,84,MIA,0.0000,0.1670,0.0360,0.0360,0.1300,21,0.171,0.241,0.359
Jake Marisnick,32,83,TOT,0.0240,0.2530,0.0360,0.0840,0.3900,14,0.295,0.329,0.296
Taylor Motter,33,82,STL,0.0000,0.3780,0.0610,0.0370,0.2300,21,0.237,0.28,0.289
Michael Busch,25,81,LAD,0.0250,0.3330,0.0990,0.0620,0.4200,31,0.171,0.232,0.227
Yonathan Daza,29,80,COL,0.0000,0.1630,0.0380,0.0750,0.3000,27,0.167,0.247,0.323
Vaughn Grissom,22,80,ATL,0.0000,0.1880,0.0250,0.0500,0.1900,13,0.27,0.304,0.344
Nick Martini,33,79,CIN,0.0760,0.1900,0.0630,0.1270,0.5300,15,0.28,0.313,0.255
Ben Rortvedt,25,79,NYY,0.0250,0.2410,0.1390,0.0380,0.3800,15,0.264,0.329,0.128
Mike Brosseau,29,78,MIL,0.0510,0.2560,0.0510,0.0770,0.4000,19,0.118,0.241,0.224
Sam Hilliard,29,78,ATL,0.0390,0.4230,0.0770,0.1030,0.4700,20,0.205,0.256,0.389
Colton Cowser,23,77,BAL,0.0000,0.2860,0.1690,0.0260,0.2900,33,0.236,0.295,0.175
Hunter Goodman,23,77,COL,0.0130,0.3120,0.0650,0.1040,0.5700,22,0.115,0.286,0.277
Clint Frazier,28,76,CHW,0.0000,0.3030,0.1320,0.0260,0.1500,24,0.2,0.247,0.302
Evan Carter,20,75,TEX,0.0670,0.3200,0.1600,0.1330,0.5300,23,0.197,0.303,0.412
Austin Wells,23,75,NYY,0.0530,0.1870,0.0400,0.1330,0.6300,24,0.306,0.413,0.226
Luke Voit,32,74,MIL,0.0000,0.3650,0.0540,0.0410,0.2000,14,0.229,0.257,0.366
Garrett Mitchell,24,73,MIL,0.0410,0.3560,0.0960,0.0820,0.3800,27,0.221,0.284,0.351
Matt Beaty,30,72,TOT,0.0000,0.1940,0.0830,0.0560,0.2900,26,0.246,0.315,0.298
Mark Mathias,28,72,TOT,0.0000,0.2080,0.1390,0.0280,0.1400,14,0.23,0.347,0.298
Franchy Cordero,28,71,NYY,0.0850,0.3520,0.0280,0.1130,0.6200,15,0.226,0.333,0.184
Estevan Florial,25,71,NYY,0.0000,0.2820,0.0990,0.0560,0.2900,25,0.188,0.211,0.333
Brett Phillips,29,71,LAA,0.0420,0.5070,0.1130,0.0560,0.3600,20,0.23,0.324,0.333
Michael Stefanic,27,71,LAA,0.0000,0.1130,0.1130,0.0420,0.1700,36,0.175,0.268,0.333
Korey Lee,24,70,CHW,0.0140,0.2860,0.0710,0.0290,0.4000,8,0.29,0.38,0.091
Dane Myers,27,70,MIA,0.0140,0.2710,0.0290,0.0570,0.2200,20,0.077,0.143,0.354
Danny Mendick,29,69,NYM,0.0150,0.2170,0.0580,0.0580,0.3300,19,0.269,0.286,0.224
Samad Taylor,24,69,KCR,0.0000,0.3190,0.1010,0.0440,0.2500,15,0.185,0.232,0.308
Nick Loftin,24,68,KCR,0.0000,0.1770,0.0590,0.0880,0.3000,22,0.2,0.279,0.392
Tim Locastro,30,67,NYM,0.0300,0.3280,0.0450,0.0750,0.3900,12,0.323,0.368,0.344
Brad Miller,33,67,TEX,0.0150,0.1640,0.1490,0.0750,0.4200,22,0.232,0.338,0.244
Jonathan Arauz,24,66,NYM,0.0460,0.2730,0.0760,0.0460,0.3800,11,0.214,0.328,0.132
Franmil Reyes,27,65,KCR,0.0310,0.3690,0.0620,0.0310,0.1800,18,0.136,0.203,0.257
Jason Vosler,29,65,CIN,0.0460,0.3850,0.0460,0.0920,0.6000,24,0.186,0.231,0.206
Juan Yepez,25,65,STL,0.0310,0.3080,0.0620,0.0460,0.2700,25,0.161,0.2,0.237
Wade Meckler,23,64,SFG,0.0000,0.3910,0.0940,0.0160,0.0800,20,0.183,0.246,0.419
Jo Adell,24,62,LAA,0.0480,0.4030,0.0650,0.1130,0.5800,25,0.232,0.328,0.3
Jose Fermin,24,61,STL,0.0000,0.1310,0.0980,0.0160,0.0800,25,0.207,0.258,0.279
Tomas Nido,29,61,NYM,0.0000,0.2950,0.0330,0.0000,0.0000,8,0.235,0.339,0.179
Heliot Ramos,23,60,SFG,0.0170,0.3330,0.0670,0.0830,0.5000,18,0.125,0.153,0.257
Bubba Thompson,25,60,TEX,0.0000,0.2670,0.0670,0.0830,0.5600,20,0.179,0.233,0.237
Michael Brantley,36,57,HOU,0.0350,0.0350,0.0350,0.0700,0.2700,16,0.17,0.237,0.255
Darin Ruf,36,57,TOT,0.0000,0.2810,0.1400,0.0530,0.2700,2,0.278,0.298,0.333
Trey Cabbage,26,56,LAA,0.0180,0.4640,0.0360,0.0710,0.3600,16,0.224,0.333,0.37
Nate Eaton,26,56,KCR,0.0000,0.3750,0.0360,0.0000,0.0000,26,0.208,0.232,0.125
Darick Hall,27,56,PHI,0.0180,0.3210,0.0360,0.0360,0.2200,21,0.075,0.125,0.229
Taylor Trammell,25,56,SEA,0.0540,0.3930,0.1610,0.0540,0.5000,18,0.167,0.196,0.143
Terrin Vavra,26,56,BAL,0.0000,0.2140,0.0890,0.0000,0.0000,22,0.13,0.286,0.324
Tyler Wade,28,55,OAK,0.0000,0.2360,0.0730,0.0360,0.1500,12,0.245,0.315,0.342
Jake Lamb,32,54,LAA,0.0370,0.2780,0.0560,0.0560,0.2700,13,0.255,0.309,0.265
Kyle Lewis,27,54,ARI,0.0190,0.3890,0.0560,0.0560,0.3800,15,0.216,0.259,0.241
Bobby Dalbec,28,53,BOS,0.0190,0.5280,0.0760,0.0570,0.3000,21,0.157,0.204,0.45
Carlos Perez,26,53,CHW,0.0190,0.2080,0.0760,0.0940,0.5000,28,0.204,0.264,0.243
Jorge Alfaro,30,52,TOT,0.0190,0.2890,0.0390,0.0960,0.7100,11,0.204,0.264,0.188
Ernie Clement,27,52,TOR,0.0190,0.0770,0.0190,0.0580,0.1600,15,0.146,0.212,0.391